obs_path,blend
113_0,113_0
198_3,198_3
283_1,283_1
102_1,102_1
31_1,31_1
329_2,329_2
286_1,286_1
161_1,161_1
91_2,91_2
544_3,544_3
360_5,360_5
307_1,307_1
29_3,29_3
256_5,256_5
494_5,494_5
584_2,584_2
307_5,307_5
335_2,335_2
498_3,498_3
255_3,255_3
24_3,24_3
57_2,57_2
41_3,41_3
249_4,249_4
549_0,549_0
144_1,144_1
574_1,574_1
205_1,205_1
200_2,200_2
95_4,95_4
111_4,111_4
347_4,347_4
464_3,464_3
477_2,477_2
256_1,256_1
527_2,527_2
196_2,196_2
382_2,382_2
348_0,348_0
396_4,396_4
434_3,434_3
246_4,246_4
54_4,54_4
398_4,398_4
458_1,458_1
589_0,589_0
201_2,201_2
152_2,152_2
217_5,217_5
479_5,479_5
518_3,518_3
418_2,418_2
567_2,567_2
181_2,181_2
108_4,108_4
27_2,27_2
496_3,496_3
118_5,118_5
422_5,422_5
118_3,118_3
78_0,78_0
6_4,6_4
101_5,101_5
298_5,298_5
526_0,526_0
194_2,194_2
442_2,442_2
241_3,241_3
286_0,286_0
463_3,463_3
426_5,426_5
552_5,552_5
557_4,557_4
449_3,449_3
54_2,54_2
458_2,458_2
450_5,450_5
403_4,403_4
103_2,103_2
502_1,502_1
39_0,39_0
33_1,33_1
150_2,150_2
290_2,290_2
353_4,353_4
538_4,538_4
441_4,441_4
341_1,341_1
346_2,346_2
401_0,401_0
471_1,471_1
464_4,464_4
174_2,174_2
577_5,577_5
153_5,153_5
274_2,274_2
460_1,460_1
599_5,599_5
341_0,341_0
183_5,183_5
283_0,283_0
365_1,365_1
332_3,332_3
218_2,218_2
538_2,538_2
296_2,296_2
479_0,479_0
251_2,251_2
336_1,336_1
322_2,322_2
262_1,262_1
393_1,393_1
443_4,443_4
553_5,553_5
306_5,306_5
414_0,414_0
300_1,300_1
101_0,101_0
211_1,211_1
430_0,430_0
208_1,208_1
461_2,461_2
580_2,580_2
381_2,381_2
118_0,118_0
11_3,11_3
4_5,4_5
281_0,281_0
599_4,599_4
504_1,504_1
388_2,388_2
67_1,67_1
367_2,367_2
300_5,300_5
90_0,90_0
418_4,418_4
310_1,310_1
249_5,249_5
493_2,493_2
349_1,349_1
26_4,26_4
144_2,144_2
284_1,284_1
181_3,181_3
190_1,190_1
6_1,6_1
170_1,170_1
331_2,331_2
171_0,171_0
429_5,429_5
280_4,280_4
277_2,277_2
6_2,6_2
154_4,154_4
444_0,444_0
247_0,247_0
79_2,79_2
289_4,289_4
113_4,113_4
524_5,524_5
137_0,137_0
508_2,508_2
412_4,412_4
486_1,486_1
84_5,84_5
243_1,243_1
92_2,92_2
487_3,487_3
429_2,429_2
95_2,95_2
592_1,592_1
120_5,120_5
142_1,142_1
213_2,213_2
296_1,296_1
67_0,67_0
452_0,452_0
504_4,504_4
318_3,318_3
381_5,381_5
341_5,341_5
585_0,585_0
352_0,352_0
260_0,260_0
159_4,159_4
145_2,145_2
63_2,63_2
289_3,289_3
232_0,232_0
275_1,275_1
15_1,15_1
242_5,242_5
434_1,434_1
290_0,290_0
145_3,145_3
557_1,557_1
385_2,385_2
155_5,155_5
456_3,456_3
114_5,114_5
242_2,242_2
555_1,555_1
551_5,551_5
516_4,516_4
162_4,162_4
181_0,181_0
21_5,21_5
132_4,132_4
471_4,471_4
325_2,325_2
260_1,260_1
386_4,386_4
281_4,281_4
497_3,497_3
353_3,353_3
152_5,152_5
212_2,212_2
2_4,2_4
528_5,528_5
328_5,328_5
380_5,380_5
179_1,179_1
18_3,18_3
456_4,456_4
399_0,399_0
95_1,95_1
28_0,28_0
268_4,268_4
479_2,479_2
115_0,115_0
47_0,47_0
300_3,300_3
1_2,1_2
110_1,110_1
570_1,570_1
71_3,71_3
43_0,43_0
486_0,486_0
31_3,31_3
2_2,2_2
305_3,305_3
198_1,198_1
0_2,0_2
351_0,351_0
581_0,581_0
430_5,430_5
596_0,596_0
373_4,373_4
179_2,179_2
552_4,552_4
247_2,247_2
141_0,141_0
260_5,260_5
320_0,320_0
17_5,17_5
567_3,567_3
116_2,116_2
68_3,68_3
323_3,323_3
31_4,31_4
555_2,555_2
426_3,426_3
490_0,490_0
108_3,108_3
5_3,5_3
280_1,280_1
584_1,584_1
497_4,497_4
231_1,231_1
510_2,510_2
398_3,398_3
364_0,364_0
359_3,359_3
583_0,583_0
554_2,554_2
303_5,303_5
559_2,559_2
447_1,447_1
483_5,483_5
597_0,597_0
16_2,16_2
522_3,522_3
60_1,60_1
470_4,470_4
480_2,480_2
41_0,41_0
101_1,101_1
143_2,143_2
74_4,74_4
104_1,104_1
315_3,315_3
269_2,269_2
314_1,314_1
7_1,7_1
260_3,260_3
322_0,322_0
447_3,447_3
272_1,272_1
212_4,212_4
572_1,572_1
416_5,416_5
118_2,118_2
592_5,592_5
574_2,574_2
591_1,591_1
138_0,138_0
466_5,466_5
369_0,369_0
22_5,22_5
14_0,14_0
156_4,156_4
4_2,4_2
327_0,327_0
201_1,201_1
325_3,325_3
61_0,61_0
145_5,145_5
187_5,187_5
570_4,570_4
296_5,296_5
281_5,281_5
249_1,249_1
516_1,516_1
454_3,454_3
492_1,492_1
580_3,580_3
60_0,60_0
121_2,121_2
394_3,394_3
16_1,16_1
79_5,79_5
161_2,161_2
230_1,230_1
130_0,130_0
353_2,353_2
567_0,567_0
81_0,81_0
117_1,117_1
568_3,568_3
413_1,413_1
254_1,254_1
339_5,339_5
256_2,256_2
576_2,576_2
400_0,400_0
81_3,81_3
52_4,52_4
295_5,295_5
149_1,149_1
191_5,191_5
19_4,19_4
393_4,393_4
80_0,80_0
509_4,509_4
311_2,311_2
340_5,340_5
442_5,442_5
108_2,108_2
440_0,440_0
501_4,501_4
473_5,473_5
214_4,214_4
258_5,258_5
560_5,560_5
484_0,484_0
183_3,183_3
75_5,75_5
129_1,129_1
300_4,300_4
486_3,486_3
262_2,262_2
475_5,475_5
198_2,198_2
282_1,282_1
287_5,287_5
92_1,92_1
560_0,560_0
11_4,11_4
370_4,370_4
365_4,365_4
589_4,589_4
260_4,260_4
147_1,147_1
263_1,263_1
499_2,499_2
290_5,290_5
374_3,374_3
482_1,482_1
551_0,551_0
283_5,283_5
317_1,317_1
143_1,143_1
316_3,316_3
157_2,157_2
425_4,425_4
234_4,234_4
207_5,207_5
542_1,542_1
360_2,360_2
113_1,113_1
40_4,40_4
378_4,378_4
100_2,100_2
596_4,596_4
16_0,16_0
226_4,226_4
15_0,15_0
181_5,181_5
459_1,459_1
198_5,198_5
132_1,132_1
329_3,329_3
570_2,570_2
250_2,250_2
474_4,474_4
299_5,299_5
467_2,467_2
144_3,144_3
53_0,53_0
236_1,236_1
112_0,112_0
137_3,137_3
309_2,309_2
542_2,542_2
4_3,4_3
87_4,87_4
432_4,432_4
511_1,511_1
271_4,271_4
186_1,186_1
558_5,558_5
86_2,86_2
582_5,582_5
125_2,125_2
500_1,500_1
261_1,261_1
312_2,312_2
289_1,289_1
72_0,72_0
361_5,361_5
459_3,459_3
488_1,488_1
416_1,416_1
158_4,158_4
594_1,594_1
595_1,595_1
585_4,585_4
398_2,398_2
584_0,584_0
566_0,566_0
478_4,478_4
591_3,591_3
383_2,383_2
403_1,403_1
257_4,257_4
4_4,4_4
40_1,40_1
304_4,304_4
514_2,514_2
26_3,26_3
587_3,587_3
136_3,136_3
78_2,78_2
101_2,101_2
432_2,432_2
400_4,400_4
184_5,184_5
389_2,389_2
164_4,164_4
583_4,583_4
395_0,395_0
295_2,295_2
207_3,207_3
339_4,339_4
589_3,589_3
275_4,275_4
407_1,407_1
111_0,111_0
439_1,439_1
445_3,445_3
597_3,597_3
351_5,351_5
108_5,108_5
20_3,20_3
371_1,371_1
571_3,571_3
572_4,572_4
41_5,41_5
448_2,448_2
512_0,512_0
246_1,246_1
132_5,132_5
490_2,490_2
287_4,287_4
431_4,431_4
188_1,188_1
224_4,224_4
122_3,122_3
202_1,202_1
458_0,458_0
408_3,408_3
420_4,420_4
285_2,285_2
106_0,106_0
288_4,288_4
106_2,106_2
295_4,295_4
122_4,122_4
379_0,379_0
38_0,38_0
88_3,88_3
428_3,428_3
449_2,449_2
142_5,142_5
212_0,212_0
442_4,442_4
343_4,343_4
46_1,46_1
465_4,465_4
149_0,149_0
590_5,590_5
121_4,121_4
543_5,543_5
21_0,21_0
328_1,328_1
190_5,190_5
565_0,565_0
206_3,206_3
234_0,234_0
405_5,405_5
167_4,167_4
223_1,223_1
327_2,327_2
262_5,262_5
177_4,177_4
274_5,274_5
176_2,176_2
121_1,121_1
96_5,96_5
3_5,3_5
215_0,215_0
121_5,121_5
455_2,455_2
93_3,93_3
505_5,505_5
181_4,181_4
384_4,384_4
12_5,12_5
13_0,13_0
23_5,23_5
525_4,525_4
412_1,412_1
390_5,390_5
510_4,510_4
551_3,551_3
203_1,203_1
88_5,88_5
519_3,519_3
223_4,223_4
29_5,29_5
135_2,135_2
492_3,492_3
53_5,53_5
22_0,22_0
32_3,32_3
469_0,469_0
264_5,264_5
188_3,188_3
138_1,138_1
218_4,218_4
407_2,407_2
518_5,518_5
127_4,127_4
453_2,453_2
126_0,126_0
336_3,336_3
241_1,241_1
518_2,518_2
460_3,460_3
483_4,483_4
444_2,444_2
162_5,162_5
507_5,507_5
281_3,281_3
269_0,269_0
426_4,426_4
63_4,63_4
414_4,414_4
299_4,299_4
528_3,528_3
321_0,321_0
200_5,200_5
81_2,81_2
344_4,344_4
50_4,50_4
124_0,124_0
454_1,454_1
11_2,11_2
182_5,182_5
69_5,69_5
495_1,495_1
43_5,43_5
373_2,373_2
186_2,186_2
294_5,294_5
234_3,234_3
362_4,362_4
279_4,279_4
273_4,273_4
562_1,562_1
335_1,335_1
179_5,179_5
471_2,471_2
523_0,523_0
530_1,530_1
252_5,252_5
376_0,376_0
83_5,83_5
79_4,79_4
69_4,69_4
197_5,197_5
398_5,398_5
195_5,195_5
239_3,239_3
155_0,155_0
578_5,578_5
306_4,306_4
544_2,544_2
513_3,513_3
12_4,12_4
103_3,103_3
205_4,205_4
104_5,104_5
546_2,546_2
554_0,554_0
220_2,220_2
159_1,159_1
449_4,449_4
357_5,357_5
396_3,396_3
364_4,364_4
531_3,531_3
375_5,375_5
69_2,69_2
170_4,170_4
235_0,235_0
410_2,410_2
135_4,135_4
413_5,413_5
522_5,522_5
437_4,437_4
380_3,380_3
393_0,393_0
497_5,497_5
286_3,286_3
318_2,318_2
30_0,30_0
391_2,391_2
445_0,445_0
2_5,2_5
517_5,517_5
65_2,65_2
49_5,49_5
119_2,119_2
559_1,559_1
505_4,505_4
508_4,508_4
128_0,128_0
578_3,578_3
32_4,32_4
16_4,16_4
381_4,381_4
326_0,326_0
5_5,5_5
28_1,28_1
212_5,212_5
529_0,529_0
399_1,399_1
337_4,337_4
129_5,129_5
107_4,107_4
439_2,439_2
244_3,244_3
267_2,267_2
317_5,317_5
156_2,156_2
143_0,143_0
248_4,248_4
363_3,363_3
42_3,42_3
550_1,550_1
174_4,174_4
282_0,282_0
80_1,80_1
595_5,595_5
3_4,3_4
175_4,175_4
301_2,301_2
453_4,453_4
19_5,19_5
46_5,46_5
202_5,202_5
129_3,129_3
302_2,302_2
222_3,222_3
588_0,588_0
498_5,498_5
209_3,209_3
402_3,402_3
371_0,371_0
287_3,287_3
497_0,497_0
278_5,278_5
267_4,267_4
335_4,335_4
405_0,405_0
136_1,136_1
57_5,57_5
193_0,193_0
359_2,359_2
354_3,354_3
87_2,87_2
450_4,450_4
364_2,364_2
195_4,195_4
380_0,380_0
173_3,173_3
87_5,87_5
587_2,587_2
281_1,281_1
585_1,585_1
494_1,494_1
440_5,440_5
109_2,109_2
284_0,284_0
298_2,298_2
129_2,129_2
154_3,154_3
229_2,229_2
553_2,553_2
571_2,571_2
169_2,169_2
558_4,558_4
204_4,204_4
146_0,146_0
424_3,424_3
327_3,327_3
519_0,519_0
105_2,105_2
487_5,487_5
268_0,268_0
322_5,322_5
535_2,535_2
481_0,481_0
77_5,77_5
141_1,141_1
321_5,321_5
341_4,341_4
525_1,525_1
445_5,445_5
411_1,411_1
345_0,345_0
307_0,307_0
496_4,496_4
162_1,162_1
493_0,493_0
204_2,204_2
507_4,507_4
439_3,439_3
435_2,435_2
288_5,288_5
395_4,395_4
406_4,406_4
579_3,579_3
357_1,357_1
273_0,273_0
294_1,294_1
72_3,72_3
423_2,423_2
292_1,292_1
101_3,101_3
450_1,450_1
367_1,367_1
356_5,356_5
131_2,131_2
472_2,472_2
378_2,378_2
223_5,223_5
187_1,187_1
146_3,146_3
304_2,304_2
37_2,37_2
512_1,512_1
85_0,85_0
435_1,435_1
308_2,308_2
254_2,254_2
206_1,206_1
473_3,473_3
475_3,475_3
491_5,491_5
225_3,225_3
235_3,235_3
62_3,62_3
361_2,361_2
111_2,111_2
241_5,241_5
386_1,386_1
489_2,489_2
405_2,405_2
330_2,330_2
232_3,232_3
519_2,519_2
564_3,564_3
291_2,291_2
215_1,215_1
173_4,173_4
217_4,217_4
572_3,572_3
463_0,463_0
40_3,40_3
403_2,403_2
429_0,429_0
231_0,231_0
75_4,75_4
45_1,45_1
547_2,547_2
82_0,82_0
453_5,453_5
489_3,489_3
545_5,545_5
319_1,319_1
374_4,374_4
452_2,452_2
147_5,147_5
133_3,133_3
557_2,557_2
291_4,291_4
426_2,426_2
581_3,581_3
396_2,396_2
167_3,167_3
411_0,411_0
524_2,524_2
45_2,45_2
298_1,298_1
51_0,51_0
573_4,573_4
275_5,275_5
444_4,444_4
523_2,523_2
476_1,476_1
14_2,14_2
319_0,319_0
274_1,274_1
62_2,62_2
382_4,382_4
147_4,147_4
161_0,161_0
448_1,448_1
428_5,428_5
70_2,70_2
359_5,359_5
87_1,87_1
125_5,125_5
499_5,499_5
373_1,373_1
411_2,411_2
528_1,528_1
141_2,141_2
348_2,348_2
265_2,265_2
234_1,234_1
499_4,499_4
224_2,224_2
328_0,328_0
67_2,67_2
196_1,196_1
115_1,115_1
70_1,70_1
581_5,581_5
529_3,529_3
541_3,541_3
39_3,39_3
84_1,84_1
42_4,42_4
118_1,118_1
269_4,269_4
210_1,210_1
222_5,222_5
485_1,485_1
514_5,514_5
500_0,500_0
415_1,415_1
264_0,264_0
552_1,552_1
91_1,91_1
103_1,103_1
588_3,588_3
70_3,70_3
428_1,428_1
340_0,340_0
544_4,544_4
22_3,22_3
475_1,475_1
585_5,585_5
527_5,527_5
175_5,175_5
485_4,485_4
355_0,355_0
570_0,570_0
102_3,102_3
531_4,531_4
471_5,471_5
405_3,405_3
551_4,551_4
195_2,195_2
570_5,570_5
159_2,159_2
23_1,23_1
248_2,248_2
317_2,317_2
412_5,412_5
209_5,209_5
65_4,65_4
133_5,133_5
383_1,383_1
75_1,75_1
192_1,192_1
504_3,504_3
420_3,420_3
41_4,41_4
554_3,554_3
476_5,476_5
398_0,398_0
442_1,442_1
492_4,492_4
581_1,581_1
293_1,293_1
183_1,183_1
145_4,145_4
253_1,253_1
135_3,135_3
41_2,41_2
209_4,209_4
262_4,262_4
514_4,514_4
532_2,532_2
367_5,367_5
458_5,458_5
61_3,61_3
104_4,104_4
440_4,440_4
584_3,584_3
222_4,222_4
177_5,177_5
488_0,488_0
250_4,250_4
385_5,385_5
227_3,227_3
439_0,439_0
238_0,238_0
179_3,179_3
309_5,309_5
29_0,29_0
126_1,126_1
112_3,112_3
266_1,266_1
365_3,365_3
508_5,508_5
542_3,542_3
61_4,61_4
77_4,77_4
94_3,94_3
35_3,35_3
330_5,330_5
449_0,449_0
389_0,389_0
522_1,522_1
435_0,435_0
150_4,150_4
248_3,248_3
175_2,175_2
252_2,252_2
187_4,187_4
341_2,341_2
470_1,470_1
567_4,567_4
115_3,115_3
316_0,316_0
93_0,93_0
272_0,272_0
38_3,38_3
465_3,465_3
433_4,433_4
420_1,420_1
308_3,308_3
508_1,508_1
372_0,372_0
344_2,344_2
374_2,374_2
176_3,176_3
334_0,334_0
137_2,137_2
542_0,542_0
9_0,9_0
130_1,130_1
125_4,125_4
408_5,408_5
157_0,157_0
480_3,480_3
510_3,510_3
450_2,450_2
424_2,424_2
377_5,377_5
63_1,63_1
565_3,565_3
452_5,452_5
507_2,507_2
544_5,544_5
81_5,81_5
398_1,398_1
148_2,148_2
46_3,46_3
477_1,477_1
355_2,355_2
192_2,192_2
230_3,230_3
330_4,330_4
310_3,310_3
451_5,451_5
204_5,204_5
235_2,235_2
532_1,532_1
227_5,227_5
594_3,594_3
331_3,331_3
99_4,99_4
501_1,501_1
358_0,358_0
67_5,67_5
536_2,536_2
302_3,302_3
314_0,314_0
385_1,385_1
72_4,72_4
113_3,113_3
495_4,495_4
140_4,140_4
203_3,203_3
421_1,421_1
120_1,120_1
503_1,503_1
350_3,350_3
237_4,237_4
426_1,426_1
445_2,445_2
119_5,119_5
244_4,244_4
283_2,283_2
499_0,499_0
13_3,13_3
265_1,265_1
143_4,143_4
90_3,90_3
24_1,24_1
561_3,561_3
216_0,216_0
472_5,472_5
17_1,17_1
596_2,596_2
422_2,422_2
306_3,306_3
105_0,105_0
149_4,149_4
598_0,598_0
433_3,433_3
484_2,484_2
324_4,324_4
182_3,182_3
81_1,81_1
516_3,516_3
242_3,242_3
355_3,355_3
466_1,466_1
329_5,329_5
491_1,491_1
467_0,467_0
117_4,117_4
370_0,370_0
569_0,569_0
73_3,73_3
264_1,264_1
44_3,44_3
358_1,358_1
576_5,576_5
383_3,383_3
557_0,557_0
5_4,5_4
24_2,24_2
527_4,527_4
343_2,343_2
233_2,233_2
213_4,213_4
255_5,255_5
586_5,586_5
88_0,88_0
215_5,215_5
22_2,22_2
343_5,343_5
190_3,190_3
216_5,216_5
374_1,374_1
488_4,488_4
129_4,129_4
425_3,425_3
462_0,462_0
89_3,89_3
192_5,192_5
594_5,594_5
375_1,375_1
14_5,14_5
412_2,412_2
212_3,212_3
599_1,599_1
364_3,364_3
168_5,168_5
251_5,251_5
447_5,447_5
517_4,517_4
333_5,333_5
377_4,377_4
337_2,337_2
362_5,362_5
214_1,214_1
500_2,500_2
284_4,284_4
459_4,459_4
345_5,345_5
519_5,519_5
591_2,591_2
531_0,531_0
297_4,297_4
321_1,321_1
47_2,47_2
160_2,160_2
98_4,98_4
463_2,463_2
427_3,427_3
502_5,502_5
598_5,598_5
270_3,270_3
331_1,331_1
265_4,265_4
84_4,84_4
324_2,324_2
2_1,2_1
201_5,201_5
97_3,97_3
16_3,16_3
226_3,226_3
277_4,277_4
543_1,543_1
222_2,222_2
372_5,372_5
574_0,574_0
384_3,384_3
272_4,272_4
565_4,565_4
76_1,76_1
390_0,390_0
156_5,156_5
462_1,462_1
115_2,115_2
519_4,519_4
356_2,356_2
244_5,244_5
461_3,461_3
578_4,578_4
152_3,152_3
209_2,209_2
562_0,562_0
0_0,0_0
579_5,579_5
117_3,117_3
187_2,187_2
106_5,106_5
350_4,350_4
595_4,595_4
193_5,193_5
259_1,259_1
174_3,174_3
39_5,39_5
156_1,156_1
163_4,163_4
194_5,194_5
3_0,3_0
334_1,334_1
318_1,318_1
404_1,404_1
23_2,23_2
518_1,518_1
449_5,449_5
540_0,540_0
456_1,456_1
581_2,581_2
563_3,563_3
18_1,18_1
183_4,183_4
111_5,111_5
160_5,160_5
521_5,521_5
277_5,277_5
336_4,336_4
164_0,164_0
533_1,533_1
570_3,570_3
218_0,218_0
285_1,285_1
198_4,198_4
0_3,0_3
9_3,9_3
308_5,308_5
287_2,287_2
109_4,109_4
302_4,302_4
122_1,122_1
301_4,301_4
193_2,193_2
226_2,226_2
296_4,296_4
397_2,397_2
339_0,339_0
191_4,191_4
315_2,315_2
131_5,131_5
379_3,379_3
94_2,94_2
543_0,543_0
285_4,285_4
164_3,164_3
548_2,548_2
419_4,419_4
381_0,381_0
46_4,46_4
97_1,97_1
464_5,464_5
529_2,529_2
304_5,304_5
473_4,473_4
421_4,421_4
173_2,173_2
154_0,154_0
210_5,210_5
323_4,323_4
554_5,554_5
89_5,89_5
329_4,329_4
319_5,319_5
584_5,584_5
196_3,196_3
353_1,353_1
591_4,591_4
270_0,270_0
53_2,53_2
469_4,469_4
430_4,430_4
390_3,390_3
30_4,30_4
255_4,255_4
32_2,32_2
33_5,33_5
177_3,177_3
12_1,12_1
18_2,18_2
423_4,423_4
1_4,1_4
357_2,357_2
138_3,138_3
191_1,191_1
549_5,549_5
404_3,404_3
174_5,174_5
583_2,583_2
242_1,242_1
169_4,169_4
577_2,577_2
184_3,184_3
68_4,68_4
436_5,436_5
543_4,543_4
573_5,573_5
128_5,128_5
172_3,172_3
64_1,64_1
369_3,369_3
217_3,217_3
159_3,159_3
289_5,289_5
561_0,561_0
165_0,165_0
141_4,141_4
173_5,173_5
273_1,273_1
430_3,430_3
503_0,503_0
120_2,120_2
137_4,137_4
35_0,35_0
199_5,199_5
573_0,573_0
402_5,402_5
367_4,367_4
345_1,345_1
304_3,304_3
339_2,339_2
584_4,584_4
474_3,474_3
550_0,550_0
97_2,97_2
157_4,157_4
42_2,42_2
446_5,446_5
48_5,48_5
139_2,139_2
313_5,313_5
477_3,477_3
188_2,188_2
538_1,538_1
387_0,387_0
89_4,89_4
531_1,531_1
513_2,513_2
146_4,146_4
464_0,464_0
204_3,204_3
392_0,392_0
246_2,246_2
362_3,362_3
296_0,296_0
294_2,294_2
264_3,264_3
3_3,3_3
145_0,145_0
203_4,203_4
261_0,261_0
249_2,249_2
163_2,163_2
274_0,274_0
484_1,484_1
302_1,302_1
569_5,569_5
272_3,272_3
433_1,433_1
214_2,214_2
264_4,264_4
53_3,53_3
49_2,49_2
481_1,481_1
190_0,190_0
397_1,397_1
233_4,233_4
37_4,37_4
469_3,469_3
73_1,73_1
537_3,537_3
9_4,9_4
272_5,272_5
38_4,38_4
213_1,213_1
36_0,36_0
342_4,342_4
474_1,474_1
233_5,233_5
136_4,136_4
325_4,325_4
538_0,538_0
30_5,30_5
479_4,479_4
115_5,115_5
433_5,433_5
9_2,9_2
172_4,172_4
463_4,463_4
545_1,545_1
43_4,43_4
489_5,489_5
125_3,125_3
68_5,68_5
333_4,333_4
359_4,359_4
83_2,83_2
26_2,26_2
535_1,535_1
547_1,547_1
50_1,50_1
589_2,589_2
346_3,346_3
8_5,8_5
457_3,457_3
506_0,506_0
312_4,312_4
338_2,338_2
58_2,58_2
231_2,231_2
136_0,136_0
165_2,165_2
420_5,420_5
180_4,180_4
332_5,332_5
515_2,515_2
217_2,217_2
489_0,489_0
373_0,373_0
244_0,244_0
115_4,115_4
207_4,207_4
186_5,186_5
366_4,366_4
382_1,382_1
178_3,178_3
467_5,467_5
13_5,13_5
382_0,382_0
90_1,90_1
268_5,268_5
320_1,320_1
349_3,349_3
382_5,382_5
239_5,239_5
393_3,393_3
421_0,421_0
207_2,207_2
424_1,424_1
288_1,288_1
258_4,258_4
313_4,313_4
520_2,520_2
319_3,319_3
85_1,85_1
155_1,155_1
469_5,469_5
498_4,498_4
282_4,282_4
206_5,206_5
149_2,149_2
153_2,153_2
393_5,393_5
358_5,358_5
229_5,229_5
153_3,153_3
581_4,581_4
526_3,526_3
193_3,193_3
291_5,291_5
63_3,63_3
564_5,564_5
180_3,180_3
259_4,259_4
63_5,63_5
436_1,436_1
428_2,428_2
510_0,510_0
286_5,286_5
552_3,552_3
526_2,526_2
62_1,62_1
254_3,254_3
512_2,512_2
419_0,419_0
86_5,86_5
231_3,231_3
400_2,400_2
84_0,84_0
220_5,220_5
382_3,382_3
431_2,431_2
203_0,203_0
252_3,252_3
533_0,533_0
453_0,453_0
180_5,180_5
320_4,320_4
236_3,236_3
408_0,408_0
182_1,182_1
399_4,399_4
485_3,485_3
528_4,528_4
534_0,534_0
540_4,540_4
579_4,579_4
253_2,253_2
342_5,342_5
579_1,579_1
353_5,353_5
432_0,432_0
368_0,368_0
430_1,430_1
423_3,423_3
121_3,121_3
160_0,160_0
25_0,25_0
116_0,116_0
125_1,125_1
319_4,319_4
45_0,45_0
257_2,257_2
195_3,195_3
142_3,142_3
567_1,567_1
185_2,185_2
85_4,85_4
179_4,179_4
307_4,307_4
441_1,441_1
354_1,354_1
402_2,402_2
32_1,32_1
90_4,90_4
368_3,368_3
70_5,70_5
466_0,466_0
102_2,102_2
317_4,317_4
125_0,125_0
165_3,165_3
98_5,98_5
318_5,318_5
376_3,376_3
110_0,110_0
297_2,297_2
388_0,388_0
172_5,172_5
515_3,515_3
568_1,568_1
123_0,123_0
411_3,411_3
553_1,553_1
566_3,566_3
523_4,523_4
389_4,389_4
566_5,566_5
305_2,305_2
134_3,134_3
337_3,337_3
531_5,531_5
516_5,516_5
153_4,153_4
312_0,312_0
85_3,85_3
19_2,19_2
408_4,408_4
111_3,111_3
19_0,19_0
319_2,319_2
520_0,520_0
226_1,226_1
595_0,595_0
492_2,492_2
347_3,347_3
284_5,284_5
57_0,57_0
251_1,251_1
496_0,496_0
333_2,333_2
409_4,409_4
94_0,94_0
588_1,588_1
481_2,481_2
51_3,51_3
24_0,24_0
312_3,312_3
414_3,414_3
368_5,368_5
110_3,110_3
196_4,196_4
105_1,105_1
468_3,468_3
78_4,78_4
53_1,53_1
338_1,338_1
291_0,291_0
425_1,425_1
334_2,334_2
124_2,124_2
138_5,138_5
112_2,112_2
160_1,160_1
163_0,163_0
453_3,453_3
57_4,57_4
66_0,66_0
282_3,282_3
172_2,172_2
486_5,486_5
358_4,358_4
356_0,356_0
526_5,526_5
456_5,456_5
401_1,401_1
168_3,168_3
465_1,465_1
481_3,481_3
348_1,348_1
22_4,22_4
436_3,436_3
243_4,243_4
312_1,312_1
109_5,109_5
150_5,150_5
479_3,479_3
438_3,438_3
199_2,199_2
498_2,498_2
293_0,293_0
188_0,188_0
434_5,434_5
151_1,151_1
388_1,388_1
535_4,535_4
276_2,276_2
210_3,210_3
275_0,275_0
501_2,501_2
64_4,64_4
15_3,15_3
592_3,592_3
400_3,400_3
79_1,79_1
507_3,507_3
188_5,188_5
294_3,294_3
340_1,340_1
229_3,229_3
42_5,42_5
285_0,285_0
9_5,9_5
420_2,420_2
304_0,304_0
541_4,541_4
116_3,116_3
596_3,596_3
98_2,98_2
569_3,569_3
190_4,190_4
20_4,20_4
519_1,519_1
417_4,417_4
264_2,264_2
165_5,165_5
254_4,254_4
525_5,525_5
417_1,417_1
343_3,343_3
12_3,12_3
141_5,141_5
158_5,158_5
267_5,267_5
458_4,458_4
548_3,548_3
530_0,530_0
443_0,443_0
273_2,273_2
550_3,550_3
39_4,39_4
8_3,8_3
183_2,183_2
511_0,511_0
217_1,217_1
472_3,472_3
363_0,363_0
373_3,373_3
341_3,341_3
47_1,47_1
93_2,93_2
542_5,542_5
565_5,565_5
119_0,119_0
352_2,352_2
107_3,107_3
527_1,527_1
247_4,247_4
434_0,434_0
47_5,47_5
271_0,271_0
161_5,161_5
175_3,175_3
141_3,141_3
420_0,420_0
261_4,261_4
455_1,455_1
467_4,467_4
583_1,583_1
157_3,157_3
221_3,221_3
392_3,392_3
428_4,428_4
219_3,219_3
243_3,243_3
274_4,274_4
66_4,66_4
514_0,514_0
430_2,430_2
548_5,548_5
52_5,52_5
124_1,124_1
504_2,504_2
562_3,562_3
224_5,224_5
292_4,292_4
394_2,394_2
563_0,563_0
563_2,563_2
91_4,91_4
469_2,469_2
579_0,579_0
421_2,421_2
406_2,406_2
27_0,27_0
82_2,82_2
369_1,369_1
162_2,162_2
524_1,524_1
384_1,384_1
393_2,393_2
178_1,178_1
45_5,45_5
28_3,28_3
521_1,521_1
199_3,199_3
566_1,566_1
233_3,233_3
301_5,301_5
451_1,451_1
238_3,238_3
481_5,481_5
44_0,44_0
385_4,385_4
33_3,33_3
484_5,484_5
559_5,559_5
170_2,170_2
17_3,17_3
392_1,392_1
391_4,391_4
94_1,94_1
260_2,260_2
366_3,366_3
177_2,177_2
278_4,278_4
377_0,377_0
460_5,460_5
210_4,210_4
241_4,241_4
520_4,520_4
316_4,316_4
168_4,168_4
391_1,391_1
360_1,360_1
556_2,556_2
336_0,336_0
40_2,40_2
567_5,567_5
150_3,150_3
338_5,338_5
204_0,204_0
513_1,513_1
86_1,86_1
201_3,201_3
466_4,466_4
235_5,235_5
428_0,428_0
208_0,208_0
394_0,394_0
582_1,582_1
338_3,338_3
64_5,64_5
44_2,44_2
219_0,219_0
334_3,334_3
106_3,106_3
237_5,237_5
515_4,515_4
4_1,4_1
572_2,572_2
437_1,437_1
181_1,181_1
333_1,333_1
309_3,309_3
271_2,271_2
401_5,401_5
137_1,137_1
427_1,427_1
526_4,526_4
218_5,218_5
292_2,292_2
184_2,184_2
156_0,156_0
302_0,302_0
132_3,132_3
130_5,130_5
388_3,388_3
568_2,568_2
529_5,529_5
403_5,403_5
438_1,438_1
284_3,284_3
376_4,376_4
441_3,441_3
548_1,548_1
182_0,182_0
164_5,164_5
197_4,197_4
366_2,366_2
21_4,21_4
297_3,297_3
279_5,279_5
140_1,140_1
232_5,232_5
574_3,574_3
313_3,313_3
266_5,266_5
356_3,356_3
520_3,520_3
564_4,564_4
79_0,79_0
137_5,137_5
566_2,566_2
276_3,276_3
97_0,97_0
171_5,171_5
357_4,357_4
61_2,61_2
131_4,131_4
594_2,594_2
279_2,279_2
436_4,436_4
509_5,509_5
103_4,103_4
322_3,322_3
50_5,50_5
36_4,36_4
343_1,343_1
557_5,557_5
42_1,42_1
521_3,521_3
469_1,469_1
438_0,438_0
290_4,290_4
583_3,583_3
500_4,500_4
36_1,36_1
48_3,48_3
92_3,92_3
236_4,236_4
456_2,456_2
311_1,311_1
529_4,529_4
418_3,418_3
434_2,434_2
194_1,194_1
275_2,275_2
96_3,96_3
569_1,569_1
149_5,149_5
295_1,295_1
411_5,411_5
530_4,530_4
483_1,483_1
494_3,494_3
433_2,433_2
351_4,351_4
475_4,475_4
429_1,429_1
582_3,582_3
128_2,128_2
158_1,158_1
492_0,492_0
565_2,565_2
126_3,126_3
521_2,521_2
387_1,387_1
572_5,572_5
380_4,380_4
397_0,397_0
67_3,67_3
293_5,293_5
575_3,575_3
422_3,422_3
8_1,8_1
167_0,167_0
326_1,326_1
389_5,389_5
576_4,576_4
364_1,364_1
307_2,307_2
200_4,200_4
586_1,586_1
355_4,355_4
227_1,227_1
220_3,220_3
356_4,356_4
280_5,280_5
122_0,122_0
99_5,99_5
272_2,272_2
280_3,280_3
406_0,406_0
236_0,236_0
556_1,556_1
37_5,37_5
84_3,84_3
410_4,410_4
263_2,263_2
465_5,465_5
18_5,18_5
437_5,437_5
448_0,448_0
116_1,116_1
83_4,83_4
354_5,354_5
378_5,378_5
357_0,357_0
297_1,297_1
336_5,336_5
537_5,537_5
321_3,321_3
344_1,344_1
1_1,1_1
435_3,435_3
87_3,87_3
358_3,358_3
282_5,282_5
17_2,17_2
219_2,219_2
527_3,527_3
291_1,291_1
97_5,97_5
435_4,435_4
38_2,38_2
462_4,462_4
416_0,416_0
443_3,443_3
500_3,500_3
78_1,78_1
541_1,541_1
42_0,42_0
73_2,73_2
495_5,495_5
240_3,240_3
571_1,571_1
349_4,349_4
72_2,72_2
11_5,11_5
597_2,597_2
499_1,499_1
404_5,404_5
45_3,45_3
409_3,409_3
203_5,203_5
281_2,281_2
402_0,402_0
116_5,116_5
187_0,187_0
171_3,171_3
269_5,269_5
78_5,78_5
172_1,172_1
395_5,395_5
262_0,262_0
500_5,500_5
402_4,402_4
369_5,369_5
20_0,20_0
142_0,142_0
416_2,416_2
368_2,368_2
243_2,243_2
185_3,185_3
124_5,124_5
58_0,58_0
127_3,127_3
545_2,545_2
66_1,66_1
93_4,93_4
34_4,34_4
574_4,574_4
406_5,406_5
170_0,170_0
283_4,283_4
482_0,482_0
276_5,276_5
564_2,564_2
189_3,189_3
565_1,565_1
9_1,9_1
326_2,326_2
457_2,457_2
14_3,14_3
310_5,310_5
457_1,457_1
468_5,468_5
427_2,427_2
576_3,576_3
544_1,544_1
256_3,256_3
10_4,10_4
489_4,489_4
344_3,344_3
162_0,162_0
360_0,360_0
438_4,438_4
245_3,245_3
64_3,64_3
339_1,339_1
548_4,548_4
91_0,91_0
465_2,465_2
509_1,509_1
486_2,486_2
98_3,98_3
418_1,418_1
399_2,399_2
169_1,169_1
578_2,578_2
25_2,25_2
122_5,122_5
271_3,271_3
513_0,513_0
27_4,27_4
185_5,185_5
375_0,375_0
306_1,306_1
362_2,362_2
253_4,253_4
363_1,363_1
211_4,211_4
44_5,44_5
56_3,56_3
32_5,32_5
114_3,114_3
148_0,148_0
506_1,506_1
30_3,30_3
152_0,152_0
234_2,234_2
556_5,556_5
304_1,304_1
92_4,92_4
488_3,488_3
561_5,561_5
338_0,338_0
557_3,557_3
491_3,491_3
122_2,122_2
262_3,262_3
350_0,350_0
59_5,59_5
207_0,207_0
35_5,35_5
287_1,287_1
204_1,204_1
496_1,496_1
109_1,109_1
237_2,237_2
404_2,404_2
559_4,559_4
569_2,569_2
512_5,512_5
102_0,102_0
233_1,233_1
376_5,376_5
528_0,528_0
309_0,309_0
380_2,380_2
314_2,314_2
244_2,244_2
134_4,134_4
36_3,36_3
478_0,478_0
410_5,410_5
237_1,237_1
432_3,432_3
170_3,170_3
454_4,454_4
74_2,74_2
432_5,432_5
350_5,350_5
344_5,344_5
417_5,417_5
509_2,509_2
26_1,26_1
317_3,317_3
151_5,151_5
405_4,405_4
146_1,146_1
48_4,48_4
404_4,404_4
311_5,311_5
223_3,223_3
60_5,60_5
510_1,510_1
378_3,378_3
229_4,229_4
128_1,128_1
206_2,206_2
41_1,41_1
28_2,28_2
534_1,534_1
425_5,425_5
5_1,5_1
495_3,495_3
167_2,167_2
316_1,316_1
564_1,564_1
505_3,505_3
312_5,312_5
552_0,552_0
10_1,10_1
325_5,325_5
579_2,579_2
390_1,390_1
142_2,142_2
200_0,200_0
425_2,425_2
330_0,330_0
57_3,57_3
76_5,76_5
273_5,273_5
91_5,91_5
139_1,139_1
194_0,194_0
303_1,303_1
70_0,70_0
66_5,66_5
358_2,358_2
483_0,483_0
230_4,230_4
96_4,96_4
535_5,535_5
340_3,340_3
144_4,144_4
305_4,305_4
571_5,571_5
402_1,402_1
74_5,74_5
491_2,491_2
517_3,517_3
440_2,440_2
155_3,155_3
464_2,464_2
452_4,452_4
132_2,132_2
324_5,324_5
275_3,275_3
460_2,460_2
311_4,311_4
482_4,482_4
145_1,145_1
484_4,484_4
361_0,361_0
253_5,253_5
423_5,423_5
437_2,437_2
409_2,409_2
235_1,235_1
556_0,556_0
108_1,108_1
424_5,424_5
62_4,62_4
39_2,39_2
379_1,379_1
231_4,231_4
7_3,7_3
424_0,424_0
195_0,195_0
109_0,109_0
186_3,186_3
521_4,521_4
288_3,288_3
311_3,311_3
259_2,259_2
263_3,263_3
77_3,77_3
464_1,464_1
320_3,320_3
86_0,86_0
462_3,462_3
82_4,82_4
200_3,200_3
66_3,66_3
582_2,582_2
277_0,277_0
126_4,126_4
80_4,80_4
588_4,588_4
487_4,487_4
395_2,395_2
52_3,52_3
490_1,490_1
150_0,150_0
52_1,52_1
482_3,482_3
198_0,198_0
502_2,502_2
332_1,332_1
239_4,239_4
327_4,327_4
228_4,228_4
230_2,230_2
577_1,577_1
375_4,375_4
271_5,271_5
229_1,229_1
547_5,547_5
151_0,151_0
59_1,59_1
150_1,150_1
58_5,58_5
276_1,276_1
446_0,446_0
417_3,417_3
482_2,482_2
169_5,169_5
538_5,538_5
58_4,58_4
302_5,302_5
539_3,539_3
258_2,258_2
588_2,588_2
556_3,556_3
328_2,328_2
139_5,139_5
130_3,130_3
586_2,586_2
511_2,511_2
54_0,54_0
293_2,293_2
493_3,493_3
360_3,360_3
89_1,89_1
171_4,171_4
27_5,27_5
225_0,225_0
174_1,174_1
596_5,596_5
533_4,533_4
520_1,520_1
40_5,40_5
208_5,208_5
495_2,495_2
46_0,46_0
422_0,422_0
574_5,574_5
536_4,536_4
99_1,99_1
309_4,309_4
278_2,278_2
37_3,37_3
580_4,580_4
51_2,51_2
27_3,27_3
490_3,490_3
220_4,220_4
99_3,99_3
334_4,334_4
576_1,576_1
328_3,328_3
423_0,423_0
119_3,119_3
326_4,326_4
186_0,186_0
49_4,49_4
52_0,52_0
537_1,537_1
313_2,313_2
189_1,189_1
386_5,386_5
90_5,90_5
33_2,33_2
563_5,563_5
100_4,100_4
320_2,320_2
308_4,308_4
259_5,259_5
560_4,560_4
54_3,54_3
123_5,123_5
243_5,243_5
448_5,448_5
397_5,397_5
158_3,158_3
553_4,553_4
524_3,524_3
512_4,512_4
297_5,297_5
62_5,62_5
598_1,598_1
351_2,351_2
372_2,372_2
422_1,422_1
92_5,92_5
44_4,44_4
161_3,161_3
314_4,314_4
224_3,224_3
412_3,412_3
410_3,410_3
483_3,483_3
369_4,369_4
436_2,436_2
112_4,112_4
166_5,166_5
239_2,239_2
561_1,561_1
269_3,269_3
232_4,232_4
339_3,339_3
502_4,502_4
21_1,21_1
48_1,48_1
387_4,387_4
501_3,501_3
444_5,444_5
315_1,315_1
240_2,240_2
168_1,168_1
496_5,496_5
156_3,156_3
221_4,221_4
103_5,103_5
307_3,307_3
178_5,178_5
556_4,556_4
49_3,49_3
457_5,457_5
138_2,138_2
51_4,51_4
350_1,350_1
6_3,6_3
384_2,384_2
345_4,345_4
126_5,126_5
399_5,399_5
227_4,227_4
10_2,10_2
292_5,292_5
147_3,147_3
427_5,427_5
47_4,47_4
38_1,38_1
378_1,378_1
396_0,396_0
397_4,397_4
515_0,515_0
318_0,318_0
487_1,487_1
462_5,462_5
134_5,134_5
545_4,545_4
477_4,477_4
444_3,444_3
316_2,316_2
472_4,472_4
257_3,257_3
440_1,440_1
189_5,189_5
286_4,286_4
12_0,12_0
176_0,176_0
36_5,36_5
408_1,408_1
568_5,568_5
377_2,377_2
485_2,485_2
438_2,438_2
562_5,562_5
16_5,16_5
452_3,452_3
29_4,29_4
348_3,348_3
240_4,240_4
599_3,599_3
555_5,555_5
219_4,219_4
17_4,17_4
525_3,525_3
424_4,424_4
317_0,317_0
348_5,348_5
219_1,219_1
7_0,7_0
43_1,43_1
55_4,55_4
303_3,303_3
146_5,146_5
193_4,193_4
221_2,221_2
539_1,539_1
96_1,96_1
140_3,140_3
75_0,75_0
96_0,96_0
106_4,106_4
377_1,377_1
383_0,383_0
407_0,407_0
298_4,298_4
343_0,343_0
511_3,511_3
389_1,389_1
222_1,222_1
147_0,147_0
159_5,159_5
549_2,549_2
6_5,6_5
154_1,154_1
532_5,532_5
366_1,366_1
212_1,212_1
354_4,354_4
306_2,306_2
171_2,171_2
100_0,100_0
543_3,543_3
20_5,20_5
66_2,66_2
127_0,127_0
98_0,98_0
263_0,263_0
276_0,276_0
371_2,371_2
143_5,143_5
267_1,267_1
55_0,55_0
528_2,528_2
577_0,577_0
83_0,83_0
525_2,525_2
51_5,51_5
497_2,497_2
490_4,490_4
285_3,285_3
266_2,266_2
70_4,70_4
100_1,100_1
218_1,218_1
315_4,315_4
241_2,241_2
94_5,94_5
379_5,379_5
201_4,201_4
372_3,372_3
268_2,268_2
539_4,539_4
476_3,476_3
576_0,576_0
386_3,386_3
596_1,596_1
1_0,1_0
327_5,327_5
160_4,160_4
76_3,76_3
585_2,585_2
597_4,597_4
303_2,303_2
517_2,517_2
251_0,251_0
259_0,259_0
278_1,278_1
530_3,530_3
56_4,56_4
555_3,555_3
164_1,164_1
446_3,446_3
409_5,409_5
82_1,82_1
25_5,25_5
381_3,381_3
34_2,34_2
577_3,577_3
112_5,112_5
254_5,254_5
80_5,80_5
102_4,102_4
85_5,85_5
310_0,310_0
566_4,566_4
533_3,533_3
248_5,248_5
475_0,475_0
332_4,332_4
11_1,11_1
577_4,577_4
119_4,119_4
349_5,349_5
306_0,306_0
227_2,227_2
242_4,242_4
3_2,3_2
233_0,233_0
226_0,226_0
594_4,594_4
255_2,255_2
131_1,131_1
31_5,31_5
389_3,389_3
329_0,329_0
305_1,305_1
215_2,215_2
169_3,169_3
435_5,435_5
359_1,359_1
84_2,84_2
407_4,407_4
515_5,515_5
437_3,437_3
540_1,540_1
238_1,238_1
575_2,575_2
340_2,340_2
526_1,526_1
333_0,333_0
563_1,563_1
392_2,392_2
251_3,251_3
413_3,413_3
492_5,492_5
517_0,517_0
143_3,143_3
315_5,315_5
432_1,432_1
199_4,199_4
443_5,443_5
154_5,154_5
568_0,568_0
133_2,133_2
371_4,371_4
270_5,270_5
410_1,410_1
207_1,207_1
102_5,102_5
545_3,545_3
240_5,240_5
81_4,81_4
540_2,540_2
461_1,461_1
96_2,96_2
587_5,587_5
171_1,171_1
448_3,448_3
493_5,493_5
229_0,229_0
509_0,509_0
173_1,173_1
231_5,231_5
451_3,451_3
538_3,538_3
448_4,448_4
516_0,516_0
592_2,592_2
225_2,225_2
558_1,558_1
554_4,554_4
259_3,259_3
170_5,170_5
418_5,418_5
539_5,539_5
379_4,379_4
598_3,598_3
333_3,333_3
489_1,489_1
263_5,263_5
429_4,429_4
250_3,250_3
549_4,549_4
65_3,65_3
228_2,228_2
215_4,215_4
506_5,506_5
192_4,192_4
50_0,50_0
482_5,482_5
399_3,399_3
190_2,190_2
0_1,0_1
298_3,298_3
578_0,578_0
225_1,225_1
409_1,409_1
213_3,213_3
415_4,415_4
360_4,360_4
483_2,483_2
541_5,541_5
545_0,545_0
337_5,337_5
123_2,123_2
194_3,194_3
34_5,34_5
560_3,560_3
202_4,202_4
23_3,23_3
346_4,346_4
32_0,32_0
374_5,374_5
55_5,55_5
148_3,148_3
313_1,313_1
459_0,459_0
511_4,511_4
296_3,296_3
597_5,597_5
321_2,321_2
7_2,7_2
33_0,33_0
192_0,192_0
324_3,324_3
195_1,195_1
446_4,446_4
160_3,160_3
228_0,228_0
590_3,590_3
54_1,54_1
208_4,208_4
363_2,363_2
77_1,77_1
151_3,151_3
8_4,8_4
100_5,100_5
593_5,593_5
401_4,401_4
15_5,15_5
63_0,63_0
499_3,499_3
117_2,117_2
303_4,303_4
118_4,118_4
550_5,550_5
568_4,568_4
331_0,331_0
152_4,152_4
218_3,218_3
462_2,462_2
134_1,134_1
534_5,534_5
536_5,536_5
365_5,365_5
47_3,47_3
252_4,252_4
25_3,25_3
294_0,294_0
471_3,471_3
92_0,92_0
179_0,179_0
522_4,522_4
189_0,189_0
562_2,562_2
13_4,13_4
68_0,68_0
203_2,203_2
165_1,165_1
554_1,554_1
161_4,161_4
56_0,56_0
155_4,155_4
298_0,298_0
349_2,349_2
580_5,580_5
559_3,559_3
522_0,522_0
278_3,278_3
598_4,598_4
209_1,209_1
249_3,249_3
411_4,411_4
133_4,133_4
106_1,106_1
503_4,503_4
18_4,18_4
167_5,167_5
123_3,123_3
515_1,515_1
512_3,512_3
208_3,208_3
599_2,599_2
513_5,513_5
293_3,293_3
216_2,216_2
496_2,496_2
77_0,77_0
560_1,560_1
71_1,71_1
318_4,318_4
288_2,288_2
30_2,30_2
217_0,217_0
257_1,257_1
472_1,472_1
494_4,494_4
162_3,162_3
493_1,493_1
206_4,206_4
178_4,178_4
57_1,57_1
147_2,147_2
43_3,43_3
123_4,123_4
293_4,293_4
419_1,419_1
5_2,5_2
454_2,454_2
232_2,232_2
366_5,366_5
236_2,236_2
533_5,533_5
114_1,114_1
337_0,337_0
534_4,534_4
261_3,261_3
191_2,191_2
37_1,37_1
7_4,7_4
19_3,19_3
100_3,100_3
132_0,132_0
323_2,323_2
7_5,7_5
189_4,189_4
13_2,13_2
250_0,250_0
127_1,127_1
168_0,168_0
294_4,294_4
461_4,461_4
550_4,550_4
394_1,394_1
261_2,261_2
396_5,396_5
191_3,191_3
494_2,494_2
83_3,83_3
532_0,532_0
59_4,59_4
493_4,493_4
246_5,246_5
504_5,504_5
226_5,226_5
256_0,256_0
18_0,18_0
532_4,532_4
488_2,488_2
20_1,20_1
292_3,292_3
265_5,265_5
173_0,173_0
506_4,506_4
247_3,247_3
166_3,166_3
205_2,205_2
303_0,303_0
478_1,478_1
95_5,95_5
245_2,245_2
362_1,362_1
325_1,325_1
223_0,223_0
270_2,270_2
422_4,422_4
555_4,555_4
342_2,342_2
590_2,590_2
573_3,573_3
310_4,310_4
478_2,478_2
60_4,60_4
126_2,126_2
563_4,563_4
238_4,238_4
168_2,168_2
154_2,154_2
514_1,514_1
442_3,442_3
414_5,414_5
478_3,478_3
532_3,532_3
277_1,277_1
28_5,28_5
266_3,266_3
140_2,140_2
597_1,597_1
104_2,104_2
421_5,421_5
225_4,225_4
481_4,481_4
289_2,289_2
196_5,196_5
263_4,263_4
148_5,148_5
166_0,166_0
250_1,250_1
77_2,77_2
148_1,148_1
520_5,520_5
163_5,163_5
216_1,216_1
24_4,24_4
239_0,239_0
25_1,25_1
562_4,562_4
373_5,373_5
120_3,120_3
48_2,48_2
158_0,158_0
202_3,202_3
24_5,24_5
188_4,188_4
88_1,88_1
355_5,355_5
582_0,582_0
468_2,468_2
450_3,450_3
397_3,397_3
419_3,419_3
276_4,276_4
97_4,97_4
74_3,74_3
394_5,394_5
550_2,550_2
547_0,547_0
388_5,388_5
285_5,285_5
368_4,368_4
468_4,468_4
587_4,587_4
182_4,182_4
105_5,105_5
221_1,221_1
441_5,441_5
447_2,447_2
43_2,43_2
224_0,224_0
461_5,461_5
488_5,488_5
236_5,236_5
230_5,230_5
544_0,544_0
238_5,238_5
6_0,6_0
478_5,478_5
589_1,589_1
356_1,356_1
93_5,93_5
335_5,335_5
313_0,313_0
295_3,295_3
200_1,200_1
220_0,220_0
451_4,451_4
277_3,277_3
267_3,267_3
286_2,286_2
169_0,169_0
192_3,192_3
164_2,164_2
325_0,325_0
107_1,107_1
527_0,527_0
48_0,48_0
588_5,588_5
138_4,138_4
300_2,300_2
157_1,157_1
437_0,437_0
590_4,590_4
401_2,401_2
580_0,580_0
26_0,26_0
323_5,323_5
291_3,291_3
265_3,265_3
176_4,176_4
321_4,321_4
352_5,352_5
228_5,228_5
167_1,167_1
261_5,261_5
124_3,124_3
457_4,457_4
29_2,29_2
367_3,367_3
274_3,274_3
144_0,144_0
149_3,149_3
113_5,113_5
273_3,273_3
184_4,184_4
593_1,593_1
466_2,466_2
2_3,2_3
131_3,131_3
375_2,375_2
184_1,184_1
476_4,476_4
443_2,443_2
10_5,10_5
157_5,157_5
107_5,107_5
569_4,569_4
506_3,506_3
112_1,112_1
180_2,180_2
487_2,487_2
247_1,247_1
537_2,537_2
340_4,340_4
99_2,99_2
186_4,186_4
372_4,372_4
590_1,590_1
441_2,441_2
586_4,586_4
467_3,467_3
460_0,460_0
587_0,587_0
271_1,271_1
67_4,67_4
46_2,46_2
219_5,219_5
593_0,593_0
258_3,258_3
407_5,407_5
114_2,114_2
395_3,395_3
117_5,117_5
144_5,144_5
60_2,60_2
65_5,65_5
62_0,62_0
58_1,58_1
438_5,438_5
476_2,476_2
72_5,72_5
454_5,454_5
516_2,516_2
211_5,211_5
518_4,518_4
558_2,558_2
20_2,20_2
23_0,23_0
351_3,351_3
477_5,477_5
586_3,586_3
14_4,14_4
314_3,314_3
246_3,246_3
26_5,26_5
105_3,105_3
471_0,471_0
223_2,223_2
394_4,394_4
367_0,367_0
335_3,335_3
22_1,22_1
270_4,270_4
352_4,352_4
434_4,434_4
485_5,485_5
74_1,74_1
311_0,311_0
124_4,124_4
460_4,460_4
82_5,82_5
107_0,107_0
25_4,25_4
258_1,258_1
61_5,61_5
89_0,89_0
591_5,591_5
407_3,407_3
61_1,61_1
413_4,413_4
429_3,429_3
539_2,539_2
187_3,187_3
54_5,54_5
193_1,193_1
234_5,234_5
10_3,10_3
514_3,514_3
283_3,283_3
413_0,413_0
580_1,580_1
23_4,23_4
225_5,225_5
247_5,247_5
314_5,314_5
142_4,142_4
361_4,361_4
406_3,406_3
105_4,105_4
463_5,463_5
592_4,592_4
136_2,136_2
257_5,257_5
172_0,172_0
45_4,45_4
103_0,103_0
79_3,79_3
237_3,237_3
114_0,114_0
523_5,523_5
531_2,531_2
40_0,40_0
165_4,165_4
352_3,352_3
8_0,8_0
575_4,575_4
547_3,547_3
595_3,595_3
49_0,49_0
238_2,238_2
1_5,1_5
372_1,372_1
82_3,82_3
0_4,0_4
71_0,71_0
573_2,573_2
53_4,53_4
560_2,560_2
582_4,582_4
211_3,211_3
37_0,37_0
55_3,55_3
158_2,158_2
166_4,166_4
268_3,268_3
449_1,449_1
174_0,174_0
396_1,396_1
34_1,34_1
256_4,256_4
269_1,269_1
52_2,52_2
134_2,134_2
94_4,94_4
583_5,583_5
381_1,381_1
86_3,86_3
59_2,59_2
442_0,442_0
533_2,533_2
553_3,553_3
535_3,535_3
166_2,166_2
403_0,403_0
511_5,511_5
331_5,331_5
508_3,508_3
8_2,8_2
185_4,185_4
59_0,59_0
470_3,470_3
290_3,290_3
408_2,408_2
5_0,5_0
385_0,385_0
75_3,75_3
370_5,370_5
213_5,213_5
182_2,182_2
417_0,417_0
386_2,386_2
282_2,282_2
80_3,80_3
357_3,357_3
571_4,571_4
486_4,486_4
400_1,400_1
530_2,530_2
387_2,387_2
371_3,371_3
251_4,251_4
513_4,513_4
354_0,354_0
578_1,578_1
534_2,534_2
60_3,60_3
530_5,530_5
301_1,301_1
494_0,494_0
178_2,178_2
587_1,587_1
28_4,28_4
589_5,589_5
474_5,474_5
56_1,56_1
384_5,384_5
220_1,220_1
31_2,31_2
510_5,510_5
558_3,558_3
216_4,216_4
148_4,148_4
364_5,364_5
199_1,199_1
309_1,309_1
310_2,310_2
452_1,452_1
101_4,101_4
299_3,299_3
266_4,266_4
585_3,585_3
552_2,552_2
208_2,208_2
55_2,55_2
69_3,69_3
290_1,290_1
239_1,239_1
123_1,123_1
176_5,176_5
76_0,76_0
391_5,391_5
119_1,119_1
155_2,155_2
240_0,240_0
370_1,370_1
36_2,36_2
541_2,541_2
491_4,491_4
116_4,116_4
243_0,243_0
191_0,191_0
194_4,194_4
29_1,29_1
120_4,120_4
210_2,210_2
235_4,235_4
34_3,34_3
120_0,120_0
334_5,334_5
214_5,214_5
58_3,58_3
104_3,104_3
228_3,228_3
417_2,417_2
284_2,284_2
253_3,253_3
214_3,214_3
546_4,546_4
415_2,415_2
33_4,33_4
346_5,346_5
351_1,351_1
38_5,38_5
109_3,109_3
230_0,230_0
466_3,466_3
390_4,390_4
89_2,89_2
542_4,542_4
202_2,202_2
176_1,176_1
390_2,390_2
415_0,415_0
113_0,-1
-1,113_0
198_3,-1
-1,198_3
283_1,-1
-1,283_1
102_1,-1
-1,102_1
31_1,-1
-1,31_1
329_2,-1
-1,329_2
286_1,-1
-1,286_1
161_1,-1
-1,161_1
91_2,-1
-1,91_2
544_3,-1
-1,544_3
360_5,-1
-1,360_5
307_1,-1
-1,307_1
29_3,-1
-1,29_3
256_5,-1
-1,256_5
494_5,-1
-1,494_5
584_2,-1
-1,584_2
307_5,-1
-1,307_5
335_2,-1
-1,335_2
498_3,-1
-1,498_3
255_3,-1
-1,255_3
24_3,-1
-1,24_3
57_2,-1
-1,57_2
41_3,-1
-1,41_3
249_4,-1
-1,249_4
549_0,-1
-1,549_0
144_1,-1
-1,144_1
574_1,-1
-1,574_1
205_1,-1
-1,205_1
200_2,-1
-1,200_2
95_4,-1
-1,95_4
111_4,-1
-1,111_4
347_4,-1
-1,347_4
464_3,-1
-1,464_3
477_2,-1
-1,477_2
256_1,-1
-1,256_1
527_2,-1
-1,527_2
196_2,-1
-1,196_2
382_2,-1
-1,382_2
348_0,-1
-1,348_0
396_4,-1
-1,396_4
434_3,-1
-1,434_3
246_4,-1
-1,246_4
54_4,-1
-1,54_4
398_4,-1
-1,398_4
458_1,-1
-1,458_1
589_0,-1
-1,589_0
201_2,-1
-1,201_2
152_2,-1
-1,152_2
217_5,-1
-1,217_5
479_5,-1
-1,479_5
518_3,-1
-1,518_3
418_2,-1
-1,418_2
567_2,-1
-1,567_2
181_2,-1
-1,181_2
108_4,-1
-1,108_4
27_2,-1
-1,27_2
496_3,-1
-1,496_3
118_5,-1
-1,118_5
422_5,-1
-1,422_5
118_3,-1
-1,118_3
78_0,-1
-1,78_0
6_4,-1
-1,6_4
101_5,-1
-1,101_5
298_5,-1
-1,298_5
526_0,-1
-1,526_0
194_2,-1
-1,194_2
442_2,-1
-1,442_2
241_3,-1
-1,241_3
286_0,-1
-1,286_0
463_3,-1
-1,463_3
426_5,-1
-1,426_5
552_5,-1
-1,552_5
557_4,-1
-1,557_4
449_3,-1
-1,449_3
54_2,-1
-1,54_2
458_2,-1
-1,458_2
450_5,-1
-1,450_5
403_4,-1
-1,403_4
103_2,-1
-1,103_2
502_1,-1
-1,502_1
39_0,-1
-1,39_0
33_1,-1
-1,33_1
150_2,-1
-1,150_2
290_2,-1
-1,290_2
353_4,-1
-1,353_4
538_4,-1
-1,538_4
441_4,-1
-1,441_4
341_1,-1
-1,341_1
346_2,-1
-1,346_2
401_0,-1
-1,401_0
471_1,-1
-1,471_1
464_4,-1
-1,464_4
174_2,-1
-1,174_2
577_5,-1
-1,577_5
153_5,-1
-1,153_5
274_2,-1
-1,274_2
460_1,-1
-1,460_1
599_5,-1
-1,599_5
341_0,-1
-1,341_0
183_5,-1
-1,183_5
283_0,-1
-1,283_0
365_1,-1
-1,365_1
332_3,-1
-1,332_3
218_2,-1
-1,218_2
538_2,-1
-1,538_2
296_2,-1
-1,296_2
479_0,-1
-1,479_0
251_2,-1
-1,251_2
336_1,-1
-1,336_1
322_2,-1
-1,322_2
262_1,-1
-1,262_1
393_1,-1
-1,393_1
443_4,-1
-1,443_4
553_5,-1
-1,553_5
306_5,-1
-1,306_5
414_0,-1
-1,414_0
300_1,-1
-1,300_1
101_0,-1
-1,101_0
211_1,-1
-1,211_1
430_0,-1
-1,430_0
208_1,-1
-1,208_1
461_2,-1
-1,461_2
580_2,-1
-1,580_2
381_2,-1
-1,381_2
118_0,-1
-1,118_0
11_3,-1
-1,11_3
4_5,-1
-1,4_5
281_0,-1
-1,281_0
599_4,-1
-1,599_4
504_1,-1
-1,504_1
388_2,-1
-1,388_2
67_1,-1
-1,67_1
367_2,-1
-1,367_2
300_5,-1
-1,300_5
90_0,-1
-1,90_0
418_4,-1
-1,418_4
310_1,-1
-1,310_1
249_5,-1
-1,249_5
493_2,-1
-1,493_2
349_1,-1
-1,349_1
26_4,-1
-1,26_4
144_2,-1
-1,144_2
284_1,-1
-1,284_1
181_3,-1
-1,181_3
190_1,-1
-1,190_1
6_1,-1
-1,6_1
170_1,-1
-1,170_1
331_2,-1
-1,331_2
171_0,-1
-1,171_0
429_5,-1
-1,429_5
280_4,-1
-1,280_4
277_2,-1
-1,277_2
6_2,-1
-1,6_2
154_4,-1
-1,154_4
444_0,-1
-1,444_0
247_0,-1
-1,247_0
79_2,-1
-1,79_2
289_4,-1
-1,289_4
113_4,-1
-1,113_4
524_5,-1
-1,524_5
137_0,-1
-1,137_0
508_2,-1
-1,508_2
412_4,-1
-1,412_4
486_1,-1
-1,486_1
84_5,-1
-1,84_5
243_1,-1
-1,243_1
92_2,-1
-1,92_2
487_3,-1
-1,487_3
429_2,-1
-1,429_2
95_2,-1
-1,95_2
592_1,-1
-1,592_1
120_5,-1
-1,120_5
142_1,-1
-1,142_1
213_2,-1
-1,213_2
296_1,-1
-1,296_1
67_0,-1
-1,67_0
452_0,-1
-1,452_0
504_4,-1
-1,504_4
318_3,-1
-1,318_3
381_5,-1
-1,381_5
341_5,-1
-1,341_5
585_0,-1
-1,585_0
352_0,-1
-1,352_0
260_0,-1
-1,260_0
159_4,-1
-1,159_4
145_2,-1
-1,145_2
63_2,-1
-1,63_2
289_3,-1
-1,289_3
232_0,-1
-1,232_0
275_1,-1
-1,275_1
15_1,-1
-1,15_1
242_5,-1
-1,242_5
434_1,-1
-1,434_1
290_0,-1
-1,290_0
145_3,-1
-1,145_3
557_1,-1
-1,557_1
385_2,-1
-1,385_2
155_5,-1
-1,155_5
456_3,-1
-1,456_3
114_5,-1
-1,114_5
242_2,-1
-1,242_2
555_1,-1
-1,555_1
551_5,-1
-1,551_5
516_4,-1
-1,516_4
162_4,-1
-1,162_4
181_0,-1
-1,181_0
21_5,-1
-1,21_5
132_4,-1
-1,132_4
471_4,-1
-1,471_4
325_2,-1
-1,325_2
260_1,-1
-1,260_1
386_4,-1
-1,386_4
281_4,-1
-1,281_4
497_3,-1
-1,497_3
353_3,-1
-1,353_3
152_5,-1
-1,152_5
212_2,-1
-1,212_2
2_4,-1
-1,2_4
528_5,-1
-1,528_5
328_5,-1
-1,328_5
380_5,-1
-1,380_5
179_1,-1
-1,179_1
18_3,-1
-1,18_3
456_4,-1
-1,456_4
399_0,-1
-1,399_0
95_1,-1
-1,95_1
28_0,-1
-1,28_0
268_4,-1
-1,268_4
479_2,-1
-1,479_2
115_0,-1
-1,115_0
47_0,-1
-1,47_0
300_3,-1
-1,300_3
1_2,-1
-1,1_2
110_1,-1
-1,110_1
570_1,-1
-1,570_1
71_3,-1
-1,71_3
43_0,-1
-1,43_0
486_0,-1
-1,486_0
31_3,-1
-1,31_3
2_2,-1
-1,2_2
305_3,-1
-1,305_3
198_1,-1
-1,198_1
0_2,-1
-1,0_2
351_0,-1
-1,351_0
581_0,-1
-1,581_0
430_5,-1
-1,430_5
596_0,-1
-1,596_0
373_4,-1
-1,373_4
179_2,-1
-1,179_2
552_4,-1
-1,552_4
247_2,-1
-1,247_2
141_0,-1
-1,141_0
260_5,-1
-1,260_5
320_0,-1
-1,320_0
17_5,-1
-1,17_5
567_3,-1
-1,567_3
116_2,-1
-1,116_2
68_3,-1
-1,68_3
323_3,-1
-1,323_3
31_4,-1
-1,31_4
555_2,-1
-1,555_2
426_3,-1
-1,426_3
490_0,-1
-1,490_0
108_3,-1
-1,108_3
5_3,-1
-1,5_3
280_1,-1
-1,280_1
584_1,-1
-1,584_1
497_4,-1
-1,497_4
231_1,-1
-1,231_1
510_2,-1
-1,510_2
398_3,-1
-1,398_3
364_0,-1
-1,364_0
359_3,-1
-1,359_3
583_0,-1
-1,583_0
554_2,-1
-1,554_2
303_5,-1
-1,303_5
559_2,-1
-1,559_2
447_1,-1
-1,447_1
483_5,-1
-1,483_5
597_0,-1
-1,597_0
16_2,-1
-1,16_2
522_3,-1
-1,522_3
60_1,-1
-1,60_1
470_4,-1
-1,470_4
480_2,-1
-1,480_2
41_0,-1
-1,41_0
101_1,-1
-1,101_1
143_2,-1
-1,143_2
74_4,-1
-1,74_4
104_1,-1
-1,104_1
315_3,-1
-1,315_3
269_2,-1
-1,269_2
314_1,-1
-1,314_1
7_1,-1
-1,7_1
260_3,-1
-1,260_3
322_0,-1
-1,322_0
447_3,-1
-1,447_3
272_1,-1
-1,272_1
212_4,-1
-1,212_4
572_1,-1
-1,572_1
416_5,-1
-1,416_5
118_2,-1
-1,118_2
592_5,-1
-1,592_5
574_2,-1
-1,574_2
591_1,-1
-1,591_1
138_0,-1
-1,138_0
466_5,-1
-1,466_5
369_0,-1
-1,369_0
22_5,-1
-1,22_5
14_0,-1
-1,14_0
156_4,-1
-1,156_4
4_2,-1
-1,4_2
327_0,-1
-1,327_0
201_1,-1
-1,201_1
325_3,-1
-1,325_3
61_0,-1
-1,61_0
145_5,-1
-1,145_5
187_5,-1
-1,187_5
570_4,-1
-1,570_4
296_5,-1
-1,296_5
281_5,-1
-1,281_5
249_1,-1
-1,249_1
516_1,-1
-1,516_1
454_3,-1
-1,454_3
492_1,-1
-1,492_1
580_3,-1
-1,580_3
60_0,-1
-1,60_0
121_2,-1
-1,121_2
394_3,-1
-1,394_3
16_1,-1
-1,16_1
79_5,-1
-1,79_5
161_2,-1
-1,161_2
230_1,-1
-1,230_1
130_0,-1
-1,130_0
353_2,-1
-1,353_2
567_0,-1
-1,567_0
81_0,-1
-1,81_0
117_1,-1
-1,117_1
568_3,-1
-1,568_3
413_1,-1
-1,413_1
254_1,-1
-1,254_1
339_5,-1
-1,339_5
256_2,-1
-1,256_2
576_2,-1
-1,576_2
400_0,-1
-1,400_0
81_3,-1
-1,81_3
52_4,-1
-1,52_4
295_5,-1
-1,295_5
149_1,-1
-1,149_1
191_5,-1
-1,191_5
19_4,-1
-1,19_4
393_4,-1
-1,393_4
80_0,-1
-1,80_0
509_4,-1
-1,509_4
311_2,-1
-1,311_2
340_5,-1
-1,340_5
442_5,-1
-1,442_5
108_2,-1
-1,108_2
440_0,-1
-1,440_0
501_4,-1
-1,501_4
473_5,-1
-1,473_5
214_4,-1
-1,214_4
258_5,-1
-1,258_5
560_5,-1
-1,560_5
484_0,-1
-1,484_0
183_3,-1
-1,183_3
75_5,-1
-1,75_5
129_1,-1
-1,129_1
300_4,-1
-1,300_4
486_3,-1
-1,486_3
262_2,-1
-1,262_2
475_5,-1
-1,475_5
198_2,-1
-1,198_2
282_1,-1
-1,282_1
287_5,-1
-1,287_5
92_1,-1
-1,92_1
560_0,-1
-1,560_0
11_4,-1
-1,11_4
370_4,-1
-1,370_4
365_4,-1
-1,365_4
589_4,-1
-1,589_4
260_4,-1
-1,260_4
147_1,-1
-1,147_1
263_1,-1
-1,263_1
499_2,-1
-1,499_2
290_5,-1
-1,290_5
374_3,-1
-1,374_3
482_1,-1
-1,482_1
551_0,-1
-1,551_0
283_5,-1
-1,283_5
317_1,-1
-1,317_1
143_1,-1
-1,143_1
316_3,-1
-1,316_3
157_2,-1
-1,157_2
425_4,-1
-1,425_4
234_4,-1
-1,234_4
207_5,-1
-1,207_5
542_1,-1
-1,542_1
360_2,-1
-1,360_2
113_1,-1
-1,113_1
40_4,-1
-1,40_4
378_4,-1
-1,378_4
100_2,-1
-1,100_2
596_4,-1
-1,596_4
16_0,-1
-1,16_0
226_4,-1
-1,226_4
15_0,-1
-1,15_0
181_5,-1
-1,181_5
459_1,-1
-1,459_1
198_5,-1
-1,198_5
132_1,-1
-1,132_1
329_3,-1
-1,329_3
570_2,-1
-1,570_2
250_2,-1
-1,250_2
474_4,-1
-1,474_4
299_5,-1
-1,299_5
467_2,-1
-1,467_2
144_3,-1
-1,144_3
53_0,-1
-1,53_0
236_1,-1
-1,236_1
112_0,-1
-1,112_0
137_3,-1
-1,137_3
309_2,-1
-1,309_2
542_2,-1
-1,542_2
4_3,-1
-1,4_3
87_4,-1
-1,87_4
432_4,-1
-1,432_4
511_1,-1
-1,511_1
271_4,-1
-1,271_4
186_1,-1
-1,186_1
558_5,-1
-1,558_5
86_2,-1
-1,86_2
582_5,-1
-1,582_5
125_2,-1
-1,125_2
500_1,-1
-1,500_1
261_1,-1
-1,261_1
312_2,-1
-1,312_2
289_1,-1
-1,289_1
72_0,-1
-1,72_0
361_5,-1
-1,361_5
459_3,-1
-1,459_3
488_1,-1
-1,488_1
416_1,-1
-1,416_1
158_4,-1
-1,158_4
594_1,-1
-1,594_1
595_1,-1
-1,595_1
585_4,-1
-1,585_4
398_2,-1
-1,398_2
584_0,-1
-1,584_0
566_0,-1
-1,566_0
478_4,-1
-1,478_4
591_3,-1
-1,591_3
383_2,-1
-1,383_2
403_1,-1
-1,403_1
257_4,-1
-1,257_4
4_4,-1
-1,4_4
40_1,-1
-1,40_1
304_4,-1
-1,304_4
514_2,-1
-1,514_2
26_3,-1
-1,26_3
587_3,-1
-1,587_3
136_3,-1
-1,136_3
78_2,-1
-1,78_2
101_2,-1
-1,101_2
432_2,-1
-1,432_2
400_4,-1
-1,400_4
184_5,-1
-1,184_5
389_2,-1
-1,389_2
164_4,-1
-1,164_4
583_4,-1
-1,583_4
395_0,-1
-1,395_0
295_2,-1
-1,295_2
207_3,-1
-1,207_3
339_4,-1
-1,339_4
589_3,-1
-1,589_3
275_4,-1
-1,275_4
407_1,-1
-1,407_1
111_0,-1
-1,111_0
439_1,-1
-1,439_1
445_3,-1
-1,445_3
597_3,-1
-1,597_3
351_5,-1
-1,351_5
108_5,-1
-1,108_5
20_3,-1
-1,20_3
371_1,-1
-1,371_1
571_3,-1
-1,571_3
572_4,-1
-1,572_4
41_5,-1
-1,41_5
448_2,-1
-1,448_2
512_0,-1
-1,512_0
246_1,-1
-1,246_1
132_5,-1
-1,132_5
490_2,-1
-1,490_2
287_4,-1
-1,287_4
431_4,-1
-1,431_4
188_1,-1
-1,188_1
224_4,-1
-1,224_4
122_3,-1
-1,122_3
202_1,-1
-1,202_1
458_0,-1
-1,458_0
408_3,-1
-1,408_3
420_4,-1
-1,420_4
285_2,-1
-1,285_2
106_0,-1
-1,106_0
288_4,-1
-1,288_4
106_2,-1
-1,106_2
295_4,-1
-1,295_4
122_4,-1
-1,122_4
379_0,-1
-1,379_0
38_0,-1
-1,38_0
88_3,-1
-1,88_3
428_3,-1
-1,428_3
449_2,-1
-1,449_2
142_5,-1
-1,142_5
212_0,-1
-1,212_0
442_4,-1
-1,442_4
343_4,-1
-1,343_4
46_1,-1
-1,46_1
465_4,-1
-1,465_4
149_0,-1
-1,149_0
590_5,-1
-1,590_5
121_4,-1
-1,121_4
543_5,-1
-1,543_5
21_0,-1
-1,21_0
328_1,-1
-1,328_1
190_5,-1
-1,190_5
565_0,-1
-1,565_0
206_3,-1
-1,206_3
234_0,-1
-1,234_0
405_5,-1
-1,405_5
167_4,-1
-1,167_4
223_1,-1
-1,223_1
327_2,-1
-1,327_2
262_5,-1
-1,262_5
177_4,-1
-1,177_4
274_5,-1
-1,274_5
176_2,-1
-1,176_2
121_1,-1
-1,121_1
96_5,-1
-1,96_5
3_5,-1
-1,3_5
215_0,-1
-1,215_0
121_5,-1
-1,121_5
455_2,-1
-1,455_2
93_3,-1
-1,93_3
505_5,-1
-1,505_5
181_4,-1
-1,181_4
384_4,-1
-1,384_4
12_5,-1
-1,12_5
13_0,-1
-1,13_0
23_5,-1
-1,23_5
525_4,-1
-1,525_4
412_1,-1
-1,412_1
390_5,-1
-1,390_5
510_4,-1
-1,510_4
551_3,-1
-1,551_3
203_1,-1
-1,203_1
88_5,-1
-1,88_5
519_3,-1
-1,519_3
223_4,-1
-1,223_4
29_5,-1
-1,29_5
135_2,-1
-1,135_2
492_3,-1
-1,492_3
53_5,-1
-1,53_5
22_0,-1
-1,22_0
32_3,-1
-1,32_3
469_0,-1
-1,469_0
264_5,-1
-1,264_5
188_3,-1
-1,188_3
138_1,-1
-1,138_1
218_4,-1
-1,218_4
407_2,-1
-1,407_2
518_5,-1
-1,518_5
127_4,-1
-1,127_4
453_2,-1
-1,453_2
126_0,-1
-1,126_0
336_3,-1
-1,336_3
241_1,-1
-1,241_1
518_2,-1
-1,518_2
460_3,-1
-1,460_3
483_4,-1
-1,483_4
444_2,-1
-1,444_2
162_5,-1
-1,162_5
507_5,-1
-1,507_5
281_3,-1
-1,281_3
269_0,-1
-1,269_0
426_4,-1
-1,426_4
63_4,-1
-1,63_4
414_4,-1
-1,414_4
299_4,-1
-1,299_4
528_3,-1
-1,528_3
321_0,-1
-1,321_0
200_5,-1
-1,200_5
81_2,-1
-1,81_2
344_4,-1
-1,344_4
50_4,-1
-1,50_4
124_0,-1
-1,124_0
454_1,-1
-1,454_1
11_2,-1
-1,11_2
182_5,-1
-1,182_5
69_5,-1
-1,69_5
495_1,-1
-1,495_1
43_5,-1
-1,43_5
373_2,-1
-1,373_2
186_2,-1
-1,186_2
294_5,-1
-1,294_5
234_3,-1
-1,234_3
362_4,-1
-1,362_4
279_4,-1
-1,279_4
273_4,-1
-1,273_4
562_1,-1
-1,562_1
335_1,-1
-1,335_1
179_5,-1
-1,179_5
471_2,-1
-1,471_2
523_0,-1
-1,523_0
530_1,-1
-1,530_1
252_5,-1
-1,252_5
376_0,-1
-1,376_0
83_5,-1
-1,83_5
79_4,-1
-1,79_4
69_4,-1
-1,69_4
197_5,-1
-1,197_5
398_5,-1
-1,398_5
195_5,-1
-1,195_5
239_3,-1
-1,239_3
155_0,-1
-1,155_0
578_5,-1
-1,578_5
306_4,-1
-1,306_4
544_2,-1
-1,544_2
513_3,-1
-1,513_3
12_4,-1
-1,12_4
103_3,-1
-1,103_3
205_4,-1
-1,205_4
104_5,-1
-1,104_5
546_2,-1
-1,546_2
554_0,-1
-1,554_0
220_2,-1
-1,220_2
159_1,-1
-1,159_1
449_4,-1
-1,449_4
357_5,-1
-1,357_5
396_3,-1
-1,396_3
364_4,-1
-1,364_4
531_3,-1
-1,531_3
375_5,-1
-1,375_5
69_2,-1
-1,69_2
170_4,-1
-1,170_4
235_0,-1
-1,235_0
410_2,-1
-1,410_2
135_4,-1
-1,135_4
413_5,-1
-1,413_5
522_5,-1
-1,522_5
437_4,-1
-1,437_4
380_3,-1
-1,380_3
393_0,-1
-1,393_0
497_5,-1
-1,497_5
286_3,-1
-1,286_3
318_2,-1
-1,318_2
30_0,-1
-1,30_0
391_2,-1
-1,391_2
445_0,-1
-1,445_0
2_5,-1
-1,2_5
517_5,-1
-1,517_5
65_2,-1
-1,65_2
49_5,-1
-1,49_5
119_2,-1
-1,119_2
559_1,-1
-1,559_1
505_4,-1
-1,505_4
508_4,-1
-1,508_4
128_0,-1
-1,128_0
578_3,-1
-1,578_3
32_4,-1
-1,32_4
16_4,-1
-1,16_4
381_4,-1
-1,381_4
326_0,-1
-1,326_0
5_5,-1
-1,5_5
28_1,-1
-1,28_1
212_5,-1
-1,212_5
529_0,-1
-1,529_0
399_1,-1
-1,399_1
337_4,-1
-1,337_4
129_5,-1
-1,129_5
107_4,-1
-1,107_4
439_2,-1
-1,439_2
244_3,-1
-1,244_3
267_2,-1
-1,267_2
317_5,-1
-1,317_5
156_2,-1
-1,156_2
143_0,-1
-1,143_0
248_4,-1
-1,248_4
363_3,-1
-1,363_3
42_3,-1
-1,42_3
550_1,-1
-1,550_1
174_4,-1
-1,174_4
282_0,-1
-1,282_0
80_1,-1
-1,80_1
595_5,-1
-1,595_5
3_4,-1
-1,3_4
175_4,-1
-1,175_4
301_2,-1
-1,301_2
453_4,-1
-1,453_4
19_5,-1
-1,19_5
46_5,-1
-1,46_5
202_5,-1
-1,202_5
129_3,-1
-1,129_3
302_2,-1
-1,302_2
222_3,-1
-1,222_3
588_0,-1
-1,588_0
498_5,-1
-1,498_5
209_3,-1
-1,209_3
402_3,-1
-1,402_3
371_0,-1
-1,371_0
287_3,-1
-1,287_3
497_0,-1
-1,497_0
278_5,-1
-1,278_5
267_4,-1
-1,267_4
335_4,-1
-1,335_4
405_0,-1
-1,405_0
136_1,-1
-1,136_1
57_5,-1
-1,57_5
193_0,-1
-1,193_0
359_2,-1
-1,359_2
354_3,-1
-1,354_3
87_2,-1
-1,87_2
450_4,-1
-1,450_4
364_2,-1
-1,364_2
195_4,-1
-1,195_4
380_0,-1
-1,380_0
173_3,-1
-1,173_3
87_5,-1
-1,87_5
587_2,-1
-1,587_2
281_1,-1
-1,281_1
585_1,-1
-1,585_1
494_1,-1
-1,494_1
440_5,-1
-1,440_5
109_2,-1
-1,109_2
284_0,-1
-1,284_0
298_2,-1
-1,298_2
129_2,-1
-1,129_2
154_3,-1
-1,154_3
229_2,-1
-1,229_2
553_2,-1
-1,553_2
571_2,-1
-1,571_2
169_2,-1
-1,169_2
558_4,-1
-1,558_4
204_4,-1
-1,204_4
146_0,-1
-1,146_0
424_3,-1
-1,424_3
327_3,-1
-1,327_3
519_0,-1
-1,519_0
105_2,-1
-1,105_2
487_5,-1
-1,487_5
268_0,-1
-1,268_0
322_5,-1
-1,322_5
535_2,-1
-1,535_2
481_0,-1
-1,481_0
77_5,-1
-1,77_5
141_1,-1
-1,141_1
321_5,-1
-1,321_5
341_4,-1
-1,341_4
525_1,-1
-1,525_1
445_5,-1
-1,445_5
411_1,-1
-1,411_1
345_0,-1
-1,345_0
307_0,-1
-1,307_0
496_4,-1
-1,496_4
162_1,-1
-1,162_1
493_0,-1
-1,493_0
204_2,-1
-1,204_2
507_4,-1
-1,507_4
439_3,-1
-1,439_3
435_2,-1
-1,435_2
288_5,-1
-1,288_5
395_4,-1
-1,395_4
406_4,-1
-1,406_4
579_3,-1
-1,579_3
357_1,-1
-1,357_1
273_0,-1
-1,273_0
294_1,-1
-1,294_1
72_3,-1
-1,72_3
423_2,-1
-1,423_2
292_1,-1
-1,292_1
101_3,-1
-1,101_3
450_1,-1
-1,450_1
367_1,-1
-1,367_1
356_5,-1
-1,356_5
131_2,-1
-1,131_2
472_2,-1
-1,472_2
378_2,-1
-1,378_2
223_5,-1
-1,223_5
187_1,-1
-1,187_1
146_3,-1
-1,146_3
304_2,-1
-1,304_2
37_2,-1
-1,37_2
512_1,-1
-1,512_1
85_0,-1
-1,85_0
435_1,-1
-1,435_1
308_2,-1
-1,308_2
254_2,-1
-1,254_2
206_1,-1
-1,206_1
473_3,-1
-1,473_3
475_3,-1
-1,475_3
491_5,-1
-1,491_5
225_3,-1
-1,225_3
235_3,-1
-1,235_3
62_3,-1
-1,62_3
361_2,-1
-1,361_2
111_2,-1
-1,111_2
241_5,-1
-1,241_5
386_1,-1
-1,386_1
489_2,-1
-1,489_2
405_2,-1
-1,405_2
330_2,-1
-1,330_2
232_3,-1
-1,232_3
519_2,-1
-1,519_2
564_3,-1
-1,564_3
291_2,-1
-1,291_2
215_1,-1
-1,215_1
173_4,-1
-1,173_4
217_4,-1
-1,217_4
572_3,-1
-1,572_3
463_0,-1
-1,463_0
40_3,-1
-1,40_3
403_2,-1
-1,403_2
429_0,-1
-1,429_0
231_0,-1
-1,231_0
75_4,-1
-1,75_4
45_1,-1
-1,45_1
547_2,-1
-1,547_2
82_0,-1
-1,82_0
453_5,-1
-1,453_5
489_3,-1
-1,489_3
545_5,-1
-1,545_5
319_1,-1
-1,319_1
374_4,-1
-1,374_4
452_2,-1
-1,452_2
147_5,-1
-1,147_5
133_3,-1
-1,133_3
557_2,-1
-1,557_2
291_4,-1
-1,291_4
426_2,-1
-1,426_2
581_3,-1
-1,581_3
396_2,-1
-1,396_2
167_3,-1
-1,167_3
411_0,-1
-1,411_0
524_2,-1
-1,524_2
45_2,-1
-1,45_2
298_1,-1
-1,298_1
51_0,-1
-1,51_0
573_4,-1
-1,573_4
275_5,-1
-1,275_5
444_4,-1
-1,444_4
523_2,-1
-1,523_2
476_1,-1
-1,476_1
14_2,-1
-1,14_2
319_0,-1
-1,319_0
274_1,-1
-1,274_1
62_2,-1
-1,62_2
382_4,-1
-1,382_4
147_4,-1
-1,147_4
161_0,-1
-1,161_0
448_1,-1
-1,448_1
428_5,-1
-1,428_5
70_2,-1
-1,70_2
359_5,-1
-1,359_5
87_1,-1
-1,87_1
125_5,-1
-1,125_5
499_5,-1
-1,499_5
373_1,-1
-1,373_1
411_2,-1
-1,411_2
528_1,-1
-1,528_1
141_2,-1
-1,141_2
348_2,-1
-1,348_2
265_2,-1
-1,265_2
234_1,-1
-1,234_1
499_4,-1
-1,499_4
224_2,-1
-1,224_2
328_0,-1
-1,328_0
67_2,-1
-1,67_2
196_1,-1
-1,196_1
115_1,-1
-1,115_1
70_1,-1
-1,70_1
581_5,-1
-1,581_5
529_3,-1
-1,529_3
541_3,-1
-1,541_3
39_3,-1
-1,39_3
84_1,-1
-1,84_1
42_4,-1
-1,42_4
118_1,-1
-1,118_1
269_4,-1
-1,269_4
210_1,-1
-1,210_1
222_5,-1
-1,222_5
485_1,-1
-1,485_1
514_5,-1
-1,514_5
500_0,-1
-1,500_0
415_1,-1
-1,415_1
264_0,-1
-1,264_0
552_1,-1
-1,552_1
91_1,-1
-1,91_1
103_1,-1
-1,103_1
588_3,-1
-1,588_3
70_3,-1
-1,70_3
428_1,-1
-1,428_1
340_0,-1
-1,340_0
544_4,-1
-1,544_4
22_3,-1
-1,22_3
475_1,-1
-1,475_1
585_5,-1
-1,585_5
527_5,-1
-1,527_5
175_5,-1
-1,175_5
485_4,-1
-1,485_4
355_0,-1
-1,355_0
570_0,-1
-1,570_0
102_3,-1
-1,102_3
531_4,-1
-1,531_4
471_5,-1
-1,471_5
405_3,-1
-1,405_3
551_4,-1
-1,551_4
195_2,-1
-1,195_2
570_5,-1
-1,570_5
159_2,-1
-1,159_2
23_1,-1
-1,23_1
248_2,-1
-1,248_2
317_2,-1
-1,317_2
412_5,-1
-1,412_5
209_5,-1
-1,209_5
65_4,-1
-1,65_4
133_5,-1
-1,133_5
383_1,-1
-1,383_1
75_1,-1
-1,75_1
192_1,-1
-1,192_1
504_3,-1
-1,504_3
420_3,-1
-1,420_3
41_4,-1
-1,41_4
554_3,-1
-1,554_3
476_5,-1
-1,476_5
398_0,-1
-1,398_0
442_1,-1
-1,442_1
492_4,-1
-1,492_4
581_1,-1
-1,581_1
293_1,-1
-1,293_1
183_1,-1
-1,183_1
145_4,-1
-1,145_4
253_1,-1
-1,253_1
135_3,-1
-1,135_3
41_2,-1
-1,41_2
209_4,-1
-1,209_4
262_4,-1
-1,262_4
514_4,-1
-1,514_4
532_2,-1
-1,532_2
367_5,-1
-1,367_5
458_5,-1
-1,458_5
61_3,-1
-1,61_3
104_4,-1
-1,104_4
440_4,-1
-1,440_4
584_3,-1
-1,584_3
222_4,-1
-1,222_4
177_5,-1
-1,177_5
488_0,-1
-1,488_0
250_4,-1
-1,250_4
385_5,-1
-1,385_5
227_3,-1
-1,227_3
439_0,-1
-1,439_0
238_0,-1
-1,238_0
179_3,-1
-1,179_3
309_5,-1
-1,309_5
29_0,-1
-1,29_0
126_1,-1
-1,126_1
112_3,-1
-1,112_3
266_1,-1
-1,266_1
365_3,-1
-1,365_3
508_5,-1
-1,508_5
542_3,-1
-1,542_3
61_4,-1
-1,61_4
77_4,-1
-1,77_4
94_3,-1
-1,94_3
35_3,-1
-1,35_3
330_5,-1
-1,330_5
449_0,-1
-1,449_0
389_0,-1
-1,389_0
522_1,-1
-1,522_1
435_0,-1
-1,435_0
150_4,-1
-1,150_4
248_3,-1
-1,248_3
175_2,-1
-1,175_2
252_2,-1
-1,252_2
187_4,-1
-1,187_4
341_2,-1
-1,341_2
470_1,-1
-1,470_1
567_4,-1
-1,567_4
115_3,-1
-1,115_3
316_0,-1
-1,316_0
93_0,-1
-1,93_0
272_0,-1
-1,272_0
38_3,-1
-1,38_3
465_3,-1
-1,465_3
433_4,-1
-1,433_4
420_1,-1
-1,420_1
308_3,-1
-1,308_3
508_1,-1
-1,508_1
372_0,-1
-1,372_0
344_2,-1
-1,344_2
374_2,-1
-1,374_2
176_3,-1
-1,176_3
334_0,-1
-1,334_0
137_2,-1
-1,137_2
542_0,-1
-1,542_0
9_0,-1
-1,9_0
130_1,-1
-1,130_1
125_4,-1
-1,125_4
408_5,-1
-1,408_5
157_0,-1
-1,157_0
480_3,-1
-1,480_3
510_3,-1
-1,510_3
450_2,-1
-1,450_2
424_2,-1
-1,424_2
377_5,-1
-1,377_5
63_1,-1
-1,63_1
565_3,-1
-1,565_3
452_5,-1
-1,452_5
507_2,-1
-1,507_2
544_5,-1
-1,544_5
81_5,-1
-1,81_5
398_1,-1
-1,398_1
148_2,-1
-1,148_2
46_3,-1
-1,46_3
477_1,-1
-1,477_1
355_2,-1
-1,355_2
192_2,-1
-1,192_2
230_3,-1
-1,230_3
330_4,-1
-1,330_4
310_3,-1
-1,310_3
451_5,-1
-1,451_5
204_5,-1
-1,204_5
235_2,-1
-1,235_2
532_1,-1
-1,532_1
227_5,-1
-1,227_5
594_3,-1
-1,594_3
331_3,-1
-1,331_3
99_4,-1
-1,99_4
501_1,-1
-1,501_1
358_0,-1
-1,358_0
67_5,-1
-1,67_5
536_2,-1
-1,536_2
302_3,-1
-1,302_3
314_0,-1
-1,314_0
385_1,-1
-1,385_1
72_4,-1
-1,72_4
113_3,-1
-1,113_3
495_4,-1
-1,495_4
140_4,-1
-1,140_4
203_3,-1
-1,203_3
421_1,-1
-1,421_1
120_1,-1
-1,120_1
503_1,-1
-1,503_1
350_3,-1
-1,350_3
237_4,-1
-1,237_4
426_1,-1
-1,426_1
445_2,-1
-1,445_2
119_5,-1
-1,119_5
244_4,-1
-1,244_4
283_2,-1
-1,283_2
499_0,-1
-1,499_0
13_3,-1
-1,13_3
265_1,-1
-1,265_1
143_4,-1
-1,143_4
90_3,-1
-1,90_3
24_1,-1
-1,24_1
561_3,-1
-1,561_3
216_0,-1
-1,216_0
472_5,-1
-1,472_5
17_1,-1
-1,17_1
596_2,-1
-1,596_2
422_2,-1
-1,422_2
306_3,-1
-1,306_3
105_0,-1
-1,105_0
149_4,-1
-1,149_4
598_0,-1
-1,598_0
433_3,-1
-1,433_3
484_2,-1
-1,484_2
324_4,-1
-1,324_4
182_3,-1
-1,182_3
81_1,-1
-1,81_1
516_3,-1
-1,516_3
242_3,-1
-1,242_3
355_3,-1
-1,355_3
466_1,-1
-1,466_1
329_5,-1
-1,329_5
491_1,-1
-1,491_1
467_0,-1
-1,467_0
117_4,-1
-1,117_4
370_0,-1
-1,370_0
569_0,-1
-1,569_0
73_3,-1
-1,73_3
264_1,-1
-1,264_1
44_3,-1
-1,44_3
358_1,-1
-1,358_1
576_5,-1
-1,576_5
383_3,-1
-1,383_3
557_0,-1
-1,557_0
5_4,-1
-1,5_4
24_2,-1
-1,24_2
527_4,-1
-1,527_4
343_2,-1
-1,343_2
233_2,-1
-1,233_2
213_4,-1
-1,213_4
255_5,-1
-1,255_5
586_5,-1
-1,586_5
88_0,-1
-1,88_0
215_5,-1
-1,215_5
22_2,-1
-1,22_2
343_5,-1
-1,343_5
190_3,-1
-1,190_3
216_5,-1
-1,216_5
374_1,-1
-1,374_1
488_4,-1
-1,488_4
129_4,-1
-1,129_4
425_3,-1
-1,425_3
462_0,-1
-1,462_0
89_3,-1
-1,89_3
192_5,-1
-1,192_5
594_5,-1
-1,594_5
375_1,-1
-1,375_1
14_5,-1
-1,14_5
412_2,-1
-1,412_2
212_3,-1
-1,212_3
599_1,-1
-1,599_1
364_3,-1
-1,364_3
168_5,-1
-1,168_5
251_5,-1
-1,251_5
447_5,-1
-1,447_5
517_4,-1
-1,517_4
333_5,-1
-1,333_5
377_4,-1
-1,377_4
337_2,-1
-1,337_2
362_5,-1
-1,362_5
214_1,-1
-1,214_1
500_2,-1
-1,500_2
284_4,-1
-1,284_4
459_4,-1
-1,459_4
345_5,-1
-1,345_5
519_5,-1
-1,519_5
591_2,-1
-1,591_2
531_0,-1
-1,531_0
297_4,-1
-1,297_4
321_1,-1
-1,321_1
47_2,-1
-1,47_2
160_2,-1
-1,160_2
98_4,-1
-1,98_4
463_2,-1
-1,463_2
427_3,-1
-1,427_3
502_5,-1
-1,502_5
598_5,-1
-1,598_5
270_3,-1
-1,270_3
331_1,-1
-1,331_1
265_4,-1
-1,265_4
84_4,-1
-1,84_4
324_2,-1
-1,324_2
2_1,-1
-1,2_1
201_5,-1
-1,201_5
97_3,-1
-1,97_3
16_3,-1
-1,16_3
226_3,-1
-1,226_3
277_4,-1
-1,277_4
543_1,-1
-1,543_1
222_2,-1
-1,222_2
372_5,-1
-1,372_5
574_0,-1
-1,574_0
384_3,-1
-1,384_3
272_4,-1
-1,272_4
565_4,-1
-1,565_4
76_1,-1
-1,76_1
390_0,-1
-1,390_0
156_5,-1
-1,156_5
462_1,-1
-1,462_1
115_2,-1
-1,115_2
519_4,-1
-1,519_4
356_2,-1
-1,356_2
244_5,-1
-1,244_5
461_3,-1
-1,461_3
578_4,-1
-1,578_4
152_3,-1
-1,152_3
209_2,-1
-1,209_2
562_0,-1
-1,562_0
0_0,-1
-1,0_0
579_5,-1
-1,579_5
117_3,-1
-1,117_3
187_2,-1
-1,187_2
106_5,-1
-1,106_5
350_4,-1
-1,350_4
595_4,-1
-1,595_4
193_5,-1
-1,193_5
259_1,-1
-1,259_1
174_3,-1
-1,174_3
39_5,-1
-1,39_5
156_1,-1
-1,156_1
163_4,-1
-1,163_4
194_5,-1
-1,194_5
3_0,-1
-1,3_0
334_1,-1
-1,334_1
318_1,-1
-1,318_1
404_1,-1
-1,404_1
23_2,-1
-1,23_2
518_1,-1
-1,518_1
449_5,-1
-1,449_5
540_0,-1
-1,540_0
456_1,-1
-1,456_1
581_2,-1
-1,581_2
563_3,-1
-1,563_3
18_1,-1
-1,18_1
183_4,-1
-1,183_4
111_5,-1
-1,111_5
160_5,-1
-1,160_5
521_5,-1
-1,521_5
277_5,-1
-1,277_5
336_4,-1
-1,336_4
164_0,-1
-1,164_0
533_1,-1
-1,533_1
570_3,-1
-1,570_3
218_0,-1
-1,218_0
285_1,-1
-1,285_1
198_4,-1
-1,198_4
0_3,-1
-1,0_3
9_3,-1
-1,9_3
308_5,-1
-1,308_5
287_2,-1
-1,287_2
109_4,-1
-1,109_4
302_4,-1
-1,302_4
122_1,-1
-1,122_1
301_4,-1
-1,301_4
193_2,-1
-1,193_2
226_2,-1
-1,226_2
296_4,-1
-1,296_4
397_2,-1
-1,397_2
339_0,-1
-1,339_0
191_4,-1
-1,191_4
315_2,-1
-1,315_2
131_5,-1
-1,131_5
379_3,-1
-1,379_3
94_2,-1
-1,94_2
543_0,-1
-1,543_0
285_4,-1
-1,285_4
164_3,-1
-1,164_3
548_2,-1
-1,548_2
419_4,-1
-1,419_4
381_0,-1
-1,381_0
46_4,-1
-1,46_4
97_1,-1
-1,97_1
464_5,-1
-1,464_5
529_2,-1
-1,529_2
304_5,-1
-1,304_5
473_4,-1
-1,473_4
421_4,-1
-1,421_4
173_2,-1
-1,173_2
154_0,-1
-1,154_0
210_5,-1
-1,210_5
323_4,-1
-1,323_4
554_5,-1
-1,554_5
89_5,-1
-1,89_5
329_4,-1
-1,329_4
319_5,-1
-1,319_5
584_5,-1
-1,584_5
196_3,-1
-1,196_3
353_1,-1
-1,353_1
591_4,-1
-1,591_4
270_0,-1
-1,270_0
53_2,-1
-1,53_2
469_4,-1
-1,469_4
430_4,-1
-1,430_4
390_3,-1
-1,390_3
30_4,-1
-1,30_4
255_4,-1
-1,255_4
32_2,-1
-1,32_2
33_5,-1
-1,33_5
177_3,-1
-1,177_3
12_1,-1
-1,12_1
18_2,-1
-1,18_2
423_4,-1
-1,423_4
1_4,-1
-1,1_4
357_2,-1
-1,357_2
138_3,-1
-1,138_3
191_1,-1
-1,191_1
549_5,-1
-1,549_5
404_3,-1
-1,404_3
174_5,-1
-1,174_5
583_2,-1
-1,583_2
242_1,-1
-1,242_1
169_4,-1
-1,169_4
577_2,-1
-1,577_2
184_3,-1
-1,184_3
68_4,-1
-1,68_4
436_5,-1
-1,436_5
543_4,-1
-1,543_4
573_5,-1
-1,573_5
128_5,-1
-1,128_5
172_3,-1
-1,172_3
64_1,-1
-1,64_1
369_3,-1
-1,369_3
217_3,-1
-1,217_3
159_3,-1
-1,159_3
289_5,-1
-1,289_5
561_0,-1
-1,561_0
165_0,-1
-1,165_0
141_4,-1
-1,141_4
173_5,-1
-1,173_5
273_1,-1
-1,273_1
430_3,-1
-1,430_3
503_0,-1
-1,503_0
120_2,-1
-1,120_2
137_4,-1
-1,137_4
35_0,-1
-1,35_0
199_5,-1
-1,199_5
573_0,-1
-1,573_0
402_5,-1
-1,402_5
367_4,-1
-1,367_4
345_1,-1
-1,345_1
304_3,-1
-1,304_3
339_2,-1
-1,339_2
584_4,-1
-1,584_4
474_3,-1
-1,474_3
550_0,-1
-1,550_0
97_2,-1
-1,97_2
157_4,-1
-1,157_4
42_2,-1
-1,42_2
446_5,-1
-1,446_5
48_5,-1
-1,48_5
139_2,-1
-1,139_2
313_5,-1
-1,313_5
477_3,-1
-1,477_3
188_2,-1
-1,188_2
538_1,-1
-1,538_1
387_0,-1
-1,387_0
89_4,-1
-1,89_4
531_1,-1
-1,531_1
513_2,-1
-1,513_2
146_4,-1
-1,146_4
464_0,-1
-1,464_0
204_3,-1
-1,204_3
392_0,-1
-1,392_0
246_2,-1
-1,246_2
362_3,-1
-1,362_3
296_0,-1
-1,296_0
294_2,-1
-1,294_2
264_3,-1
-1,264_3
3_3,-1
-1,3_3
145_0,-1
-1,145_0
203_4,-1
-1,203_4
261_0,-1
-1,261_0
249_2,-1
-1,249_2
163_2,-1
-1,163_2
274_0,-1
-1,274_0
484_1,-1
-1,484_1
302_1,-1
-1,302_1
569_5,-1
-1,569_5
272_3,-1
-1,272_3
433_1,-1
-1,433_1
214_2,-1
-1,214_2
264_4,-1
-1,264_4
53_3,-1
-1,53_3
49_2,-1
-1,49_2
481_1,-1
-1,481_1
190_0,-1
-1,190_0
397_1,-1
-1,397_1
233_4,-1
-1,233_4
37_4,-1
-1,37_4
469_3,-1
-1,469_3
73_1,-1
-1,73_1
537_3,-1
-1,537_3
9_4,-1
-1,9_4
272_5,-1
-1,272_5
38_4,-1
-1,38_4
213_1,-1
-1,213_1
36_0,-1
-1,36_0
342_4,-1
-1,342_4
474_1,-1
-1,474_1
233_5,-1
-1,233_5
136_4,-1
-1,136_4
325_4,-1
-1,325_4
538_0,-1
-1,538_0
30_5,-1
-1,30_5
479_4,-1
-1,479_4
115_5,-1
-1,115_5
433_5,-1
-1,433_5
9_2,-1
-1,9_2
172_4,-1
-1,172_4
463_4,-1
-1,463_4
545_1,-1
-1,545_1
43_4,-1
-1,43_4
489_5,-1
-1,489_5
125_3,-1
-1,125_3
68_5,-1
-1,68_5
333_4,-1
-1,333_4
359_4,-1
-1,359_4
83_2,-1
-1,83_2
26_2,-1
-1,26_2
535_1,-1
-1,535_1
547_1,-1
-1,547_1
50_1,-1
-1,50_1
589_2,-1
-1,589_2
346_3,-1
-1,346_3
8_5,-1
-1,8_5
457_3,-1
-1,457_3
506_0,-1
-1,506_0
312_4,-1
-1,312_4
338_2,-1
-1,338_2
58_2,-1
-1,58_2
231_2,-1
-1,231_2
136_0,-1
-1,136_0
165_2,-1
-1,165_2
420_5,-1
-1,420_5
180_4,-1
-1,180_4
332_5,-1
-1,332_5
515_2,-1
-1,515_2
217_2,-1
-1,217_2
489_0,-1
-1,489_0
373_0,-1
-1,373_0
244_0,-1
-1,244_0
115_4,-1
-1,115_4
207_4,-1
-1,207_4
186_5,-1
-1,186_5
366_4,-1
-1,366_4
382_1,-1
-1,382_1
178_3,-1
-1,178_3
467_5,-1
-1,467_5
13_5,-1
-1,13_5
382_0,-1
-1,382_0
90_1,-1
-1,90_1
268_5,-1
-1,268_5
320_1,-1
-1,320_1
349_3,-1
-1,349_3
382_5,-1
-1,382_5
239_5,-1
-1,239_5
393_3,-1
-1,393_3
421_0,-1
-1,421_0
207_2,-1
-1,207_2
424_1,-1
-1,424_1
288_1,-1
-1,288_1
258_4,-1
-1,258_4
313_4,-1
-1,313_4
520_2,-1
-1,520_2
319_3,-1
-1,319_3
85_1,-1
-1,85_1
155_1,-1
-1,155_1
469_5,-1
-1,469_5
498_4,-1
-1,498_4
282_4,-1
-1,282_4
206_5,-1
-1,206_5
149_2,-1
-1,149_2
153_2,-1
-1,153_2
393_5,-1
-1,393_5
358_5,-1
-1,358_5
229_5,-1
-1,229_5
153_3,-1
-1,153_3
581_4,-1
-1,581_4
526_3,-1
-1,526_3
193_3,-1
-1,193_3
291_5,-1
-1,291_5
63_3,-1
-1,63_3
564_5,-1
-1,564_5
180_3,-1
-1,180_3
259_4,-1
-1,259_4
63_5,-1
-1,63_5
436_1,-1
-1,436_1
428_2,-1
-1,428_2
510_0,-1
-1,510_0
286_5,-1
-1,286_5
552_3,-1
-1,552_3
526_2,-1
-1,526_2
62_1,-1
-1,62_1
254_3,-1
-1,254_3
512_2,-1
-1,512_2
419_0,-1
-1,419_0
86_5,-1
-1,86_5
231_3,-1
-1,231_3
400_2,-1
-1,400_2
84_0,-1
-1,84_0
220_5,-1
-1,220_5
382_3,-1
-1,382_3
431_2,-1
-1,431_2
203_0,-1
-1,203_0
252_3,-1
-1,252_3
533_0,-1
-1,533_0
453_0,-1
-1,453_0
180_5,-1
-1,180_5
320_4,-1
-1,320_4
236_3,-1
-1,236_3
408_0,-1
-1,408_0
182_1,-1
-1,182_1
399_4,-1
-1,399_4
485_3,-1
-1,485_3
528_4,-1
-1,528_4
534_0,-1
-1,534_0
540_4,-1
-1,540_4
579_4,-1
-1,579_4
253_2,-1
-1,253_2
342_5,-1
-1,342_5
579_1,-1
-1,579_1
353_5,-1
-1,353_5
432_0,-1
-1,432_0
368_0,-1
-1,368_0
430_1,-1
-1,430_1
423_3,-1
-1,423_3
121_3,-1
-1,121_3
160_0,-1
-1,160_0
25_0,-1
-1,25_0
116_0,-1
-1,116_0
125_1,-1
-1,125_1
319_4,-1
-1,319_4
45_0,-1
-1,45_0
257_2,-1
-1,257_2
195_3,-1
-1,195_3
142_3,-1
-1,142_3
567_1,-1
-1,567_1
185_2,-1
-1,185_2
85_4,-1
-1,85_4
179_4,-1
-1,179_4
307_4,-1
-1,307_4
441_1,-1
-1,441_1
354_1,-1
-1,354_1
402_2,-1
-1,402_2
32_1,-1
-1,32_1
90_4,-1
-1,90_4
368_3,-1
-1,368_3
70_5,-1
-1,70_5
466_0,-1
-1,466_0
102_2,-1
-1,102_2
317_4,-1
-1,317_4
125_0,-1
-1,125_0
165_3,-1
-1,165_3
98_5,-1
-1,98_5
318_5,-1
-1,318_5
376_3,-1
-1,376_3
110_0,-1
-1,110_0
297_2,-1
-1,297_2
388_0,-1
-1,388_0
172_5,-1
-1,172_5
515_3,-1
-1,515_3
568_1,-1
-1,568_1
123_0,-1
-1,123_0
411_3,-1
-1,411_3
553_1,-1
-1,553_1
566_3,-1
-1,566_3
523_4,-1
-1,523_4
389_4,-1
-1,389_4
566_5,-1
-1,566_5
305_2,-1
-1,305_2
134_3,-1
-1,134_3
337_3,-1
-1,337_3
531_5,-1
-1,531_5
516_5,-1
-1,516_5
153_4,-1
-1,153_4
312_0,-1
-1,312_0
85_3,-1
-1,85_3
19_2,-1
-1,19_2
408_4,-1
-1,408_4
111_3,-1
-1,111_3
19_0,-1
-1,19_0
319_2,-1
-1,319_2
520_0,-1
-1,520_0
226_1,-1
-1,226_1
595_0,-1
-1,595_0
492_2,-1
-1,492_2
347_3,-1
-1,347_3
284_5,-1
-1,284_5
57_0,-1
-1,57_0
251_1,-1
-1,251_1
496_0,-1
-1,496_0
333_2,-1
-1,333_2
409_4,-1
-1,409_4
94_0,-1
-1,94_0
588_1,-1
-1,588_1
481_2,-1
-1,481_2
51_3,-1
-1,51_3
24_0,-1
-1,24_0
312_3,-1
-1,312_3
414_3,-1
-1,414_3
368_5,-1
-1,368_5
110_3,-1
-1,110_3
196_4,-1
-1,196_4
105_1,-1
-1,105_1
468_3,-1
-1,468_3
78_4,-1
-1,78_4
53_1,-1
-1,53_1
338_1,-1
-1,338_1
291_0,-1
-1,291_0
425_1,-1
-1,425_1
334_2,-1
-1,334_2
124_2,-1
-1,124_2
138_5,-1
-1,138_5
112_2,-1
-1,112_2
160_1,-1
-1,160_1
163_0,-1
-1,163_0
453_3,-1
-1,453_3
57_4,-1
-1,57_4
66_0,-1
-1,66_0
282_3,-1
-1,282_3
172_2,-1
-1,172_2
486_5,-1
-1,486_5
358_4,-1
-1,358_4
356_0,-1
-1,356_0
526_5,-1
-1,526_5
456_5,-1
-1,456_5
401_1,-1
-1,401_1
168_3,-1
-1,168_3
465_1,-1
-1,465_1
481_3,-1
-1,481_3
348_1,-1
-1,348_1
22_4,-1
-1,22_4
436_3,-1
-1,436_3
243_4,-1
-1,243_4
312_1,-1
-1,312_1
109_5,-1
-1,109_5
150_5,-1
-1,150_5
479_3,-1
-1,479_3
438_3,-1
-1,438_3
199_2,-1
-1,199_2
498_2,-1
-1,498_2
293_0,-1
-1,293_0
188_0,-1
-1,188_0
434_5,-1
-1,434_5
151_1,-1
-1,151_1
388_1,-1
-1,388_1
535_4,-1
-1,535_4
276_2,-1
-1,276_2
210_3,-1
-1,210_3
275_0,-1
-1,275_0
501_2,-1
-1,501_2
64_4,-1
-1,64_4
15_3,-1
-1,15_3
592_3,-1
-1,592_3
400_3,-1
-1,400_3
79_1,-1
-1,79_1
507_3,-1
-1,507_3
188_5,-1
-1,188_5
294_3,-1
-1,294_3
340_1,-1
-1,340_1
229_3,-1
-1,229_3
42_5,-1
-1,42_5
285_0,-1
-1,285_0
9_5,-1
-1,9_5
420_2,-1
-1,420_2
304_0,-1
-1,304_0
541_4,-1
-1,541_4
116_3,-1
-1,116_3
596_3,-1
-1,596_3
98_2,-1
-1,98_2
569_3,-1
-1,569_3
190_4,-1
-1,190_4
20_4,-1
-1,20_4
519_1,-1
-1,519_1
417_4,-1
-1,417_4
264_2,-1
-1,264_2
165_5,-1
-1,165_5
254_4,-1
-1,254_4
525_5,-1
-1,525_5
417_1,-1
-1,417_1
343_3,-1
-1,343_3
12_3,-1
-1,12_3
141_5,-1
-1,141_5
158_5,-1
-1,158_5
267_5,-1
-1,267_5
458_4,-1
-1,458_4
548_3,-1
-1,548_3
530_0,-1
-1,530_0
443_0,-1
-1,443_0
273_2,-1
-1,273_2
550_3,-1
-1,550_3
39_4,-1
-1,39_4
8_3,-1
-1,8_3
183_2,-1
-1,183_2
511_0,-1
-1,511_0
217_1,-1
-1,217_1
472_3,-1
-1,472_3
363_0,-1
-1,363_0
373_3,-1
-1,373_3
341_3,-1
-1,341_3
47_1,-1
-1,47_1
93_2,-1
-1,93_2
542_5,-1
-1,542_5
565_5,-1
-1,565_5
119_0,-1
-1,119_0
352_2,-1
-1,352_2
107_3,-1
-1,107_3
527_1,-1
-1,527_1
247_4,-1
-1,247_4
434_0,-1
-1,434_0
47_5,-1
-1,47_5
271_0,-1
-1,271_0
161_5,-1
-1,161_5
175_3,-1
-1,175_3
141_3,-1
-1,141_3
420_0,-1
-1,420_0
261_4,-1
-1,261_4
455_1,-1
-1,455_1
467_4,-1
-1,467_4
583_1,-1
-1,583_1
157_3,-1
-1,157_3
221_3,-1
-1,221_3
392_3,-1
-1,392_3
428_4,-1
-1,428_4
219_3,-1
-1,219_3
243_3,-1
-1,243_3
274_4,-1
-1,274_4
66_4,-1
-1,66_4
514_0,-1
-1,514_0
430_2,-1
-1,430_2
548_5,-1
-1,548_5
52_5,-1
-1,52_5
124_1,-1
-1,124_1
504_2,-1
-1,504_2
562_3,-1
-1,562_3
224_5,-1
-1,224_5
292_4,-1
-1,292_4
394_2,-1
-1,394_2
563_0,-1
-1,563_0
563_2,-1
-1,563_2
91_4,-1
-1,91_4
469_2,-1
-1,469_2
579_0,-1
-1,579_0
421_2,-1
-1,421_2
406_2,-1
-1,406_2
27_0,-1
-1,27_0
82_2,-1
-1,82_2
369_1,-1
-1,369_1
162_2,-1
-1,162_2
524_1,-1
-1,524_1
384_1,-1
-1,384_1
393_2,-1
-1,393_2
178_1,-1
-1,178_1
45_5,-1
-1,45_5
28_3,-1
-1,28_3
521_1,-1
-1,521_1
199_3,-1
-1,199_3
566_1,-1
-1,566_1
233_3,-1
-1,233_3
301_5,-1
-1,301_5
451_1,-1
-1,451_1
238_3,-1
-1,238_3
481_5,-1
-1,481_5
44_0,-1
-1,44_0
385_4,-1
-1,385_4
33_3,-1
-1,33_3
484_5,-1
-1,484_5
559_5,-1
-1,559_5
170_2,-1
-1,170_2
17_3,-1
-1,17_3
392_1,-1
-1,392_1
391_4,-1
-1,391_4
94_1,-1
-1,94_1
260_2,-1
-1,260_2
366_3,-1
-1,366_3
177_2,-1
-1,177_2
278_4,-1
-1,278_4
377_0,-1
-1,377_0
460_5,-1
-1,460_5
210_4,-1
-1,210_4
241_4,-1
-1,241_4
520_4,-1
-1,520_4
316_4,-1
-1,316_4
168_4,-1
-1,168_4
391_1,-1
-1,391_1
360_1,-1
-1,360_1
556_2,-1
-1,556_2
336_0,-1
-1,336_0
40_2,-1
-1,40_2
567_5,-1
-1,567_5
150_3,-1
-1,150_3
338_5,-1
-1,338_5
204_0,-1
-1,204_0
513_1,-1
-1,513_1
86_1,-1
-1,86_1
201_3,-1
-1,201_3
466_4,-1
-1,466_4
235_5,-1
-1,235_5
428_0,-1
-1,428_0
208_0,-1
-1,208_0
394_0,-1
-1,394_0
582_1,-1
-1,582_1
338_3,-1
-1,338_3
64_5,-1
-1,64_5
44_2,-1
-1,44_2
219_0,-1
-1,219_0
334_3,-1
-1,334_3
106_3,-1
-1,106_3
237_5,-1
-1,237_5
515_4,-1
-1,515_4
4_1,-1
-1,4_1
572_2,-1
-1,572_2
437_1,-1
-1,437_1
181_1,-1
-1,181_1
333_1,-1
-1,333_1
309_3,-1
-1,309_3
271_2,-1
-1,271_2
401_5,-1
-1,401_5
137_1,-1
-1,137_1
427_1,-1
-1,427_1
526_4,-1
-1,526_4
218_5,-1
-1,218_5
292_2,-1
-1,292_2
184_2,-1
-1,184_2
156_0,-1
-1,156_0
302_0,-1
-1,302_0
132_3,-1
-1,132_3
130_5,-1
-1,130_5
388_3,-1
-1,388_3
568_2,-1
-1,568_2
529_5,-1
-1,529_5
403_5,-1
-1,403_5
438_1,-1
-1,438_1
284_3,-1
-1,284_3
376_4,-1
-1,376_4
441_3,-1
-1,441_3
548_1,-1
-1,548_1
182_0,-1
-1,182_0
164_5,-1
-1,164_5
197_4,-1
-1,197_4
366_2,-1
-1,366_2
21_4,-1
-1,21_4
297_3,-1
-1,297_3
279_5,-1
-1,279_5
140_1,-1
-1,140_1
232_5,-1
-1,232_5
574_3,-1
-1,574_3
313_3,-1
-1,313_3
266_5,-1
-1,266_5
356_3,-1
-1,356_3
520_3,-1
-1,520_3
564_4,-1
-1,564_4
79_0,-1
-1,79_0
137_5,-1
-1,137_5
566_2,-1
-1,566_2
276_3,-1
-1,276_3
97_0,-1
-1,97_0
171_5,-1
-1,171_5
357_4,-1
-1,357_4
61_2,-1
-1,61_2
131_4,-1
-1,131_4
594_2,-1
-1,594_2
279_2,-1
-1,279_2
436_4,-1
-1,436_4
509_5,-1
-1,509_5
103_4,-1
-1,103_4
322_3,-1
-1,322_3
50_5,-1
-1,50_5
36_4,-1
-1,36_4
343_1,-1
-1,343_1
557_5,-1
-1,557_5
42_1,-1
-1,42_1
521_3,-1
-1,521_3
469_1,-1
-1,469_1
438_0,-1
-1,438_0
290_4,-1
-1,290_4
583_3,-1
-1,583_3
500_4,-1
-1,500_4
36_1,-1
-1,36_1
48_3,-1
-1,48_3
92_3,-1
-1,92_3
236_4,-1
-1,236_4
456_2,-1
-1,456_2
311_1,-1
-1,311_1
529_4,-1
-1,529_4
418_3,-1
-1,418_3
434_2,-1
-1,434_2
194_1,-1
-1,194_1
275_2,-1
-1,275_2
96_3,-1
-1,96_3
569_1,-1
-1,569_1
149_5,-1
-1,149_5
295_1,-1
-1,295_1
411_5,-1
-1,411_5
530_4,-1
-1,530_4
483_1,-1
-1,483_1
494_3,-1
-1,494_3
433_2,-1
-1,433_2
351_4,-1
-1,351_4
475_4,-1
-1,475_4
429_1,-1
-1,429_1
582_3,-1
-1,582_3
128_2,-1
-1,128_2
158_1,-1
-1,158_1
492_0,-1
-1,492_0
565_2,-1
-1,565_2
126_3,-1
-1,126_3
521_2,-1
-1,521_2
387_1,-1
-1,387_1
572_5,-1
-1,572_5
380_4,-1
-1,380_4
397_0,-1
-1,397_0
67_3,-1
-1,67_3
293_5,-1
-1,293_5
575_3,-1
-1,575_3
422_3,-1
-1,422_3
8_1,-1
-1,8_1
167_0,-1
-1,167_0
326_1,-1
-1,326_1
389_5,-1
-1,389_5
576_4,-1
-1,576_4
364_1,-1
-1,364_1
307_2,-1
-1,307_2
200_4,-1
-1,200_4
586_1,-1
-1,586_1
355_4,-1
-1,355_4
227_1,-1
-1,227_1
220_3,-1
-1,220_3
356_4,-1
-1,356_4
280_5,-1
-1,280_5
122_0,-1
-1,122_0
99_5,-1
-1,99_5
272_2,-1
-1,272_2
280_3,-1
-1,280_3
406_0,-1
-1,406_0
236_0,-1
-1,236_0
556_1,-1
-1,556_1
37_5,-1
-1,37_5
84_3,-1
-1,84_3
410_4,-1
-1,410_4
263_2,-1
-1,263_2
465_5,-1
-1,465_5
18_5,-1
-1,18_5
437_5,-1
-1,437_5
448_0,-1
-1,448_0
116_1,-1
-1,116_1
83_4,-1
-1,83_4
354_5,-1
-1,354_5
378_5,-1
-1,378_5
357_0,-1
-1,357_0
297_1,-1
-1,297_1
336_5,-1
-1,336_5
537_5,-1
-1,537_5
321_3,-1
-1,321_3
344_1,-1
-1,344_1
1_1,-1
-1,1_1
435_3,-1
-1,435_3
87_3,-1
-1,87_3
358_3,-1
-1,358_3
282_5,-1
-1,282_5
17_2,-1
-1,17_2
219_2,-1
-1,219_2
527_3,-1
-1,527_3
291_1,-1
-1,291_1
97_5,-1
-1,97_5
435_4,-1
-1,435_4
38_2,-1
-1,38_2
462_4,-1
-1,462_4
416_0,-1
-1,416_0
443_3,-1
-1,443_3
500_3,-1
-1,500_3
78_1,-1
-1,78_1
541_1,-1
-1,541_1
42_0,-1
-1,42_0
73_2,-1
-1,73_2
495_5,-1
-1,495_5
240_3,-1
-1,240_3
571_1,-1
-1,571_1
349_4,-1
-1,349_4
72_2,-1
-1,72_2
11_5,-1
-1,11_5
597_2,-1
-1,597_2
499_1,-1
-1,499_1
404_5,-1
-1,404_5
45_3,-1
-1,45_3
409_3,-1
-1,409_3
203_5,-1
-1,203_5
281_2,-1
-1,281_2
402_0,-1
-1,402_0
116_5,-1
-1,116_5
187_0,-1
-1,187_0
171_3,-1
-1,171_3
269_5,-1
-1,269_5
78_5,-1
-1,78_5
172_1,-1
-1,172_1
395_5,-1
-1,395_5
262_0,-1
-1,262_0
500_5,-1
-1,500_5
402_4,-1
-1,402_4
369_5,-1
-1,369_5
20_0,-1
-1,20_0
142_0,-1
-1,142_0
416_2,-1
-1,416_2
368_2,-1
-1,368_2
243_2,-1
-1,243_2
185_3,-1
-1,185_3
124_5,-1
-1,124_5
58_0,-1
-1,58_0
127_3,-1
-1,127_3
545_2,-1
-1,545_2
66_1,-1
-1,66_1
93_4,-1
-1,93_4
34_4,-1
-1,34_4
574_4,-1
-1,574_4
406_5,-1
-1,406_5
170_0,-1
-1,170_0
283_4,-1
-1,283_4
482_0,-1
-1,482_0
276_5,-1
-1,276_5
564_2,-1
-1,564_2
189_3,-1
-1,189_3
565_1,-1
-1,565_1
9_1,-1
-1,9_1
326_2,-1
-1,326_2
457_2,-1
-1,457_2
14_3,-1
-1,14_3
310_5,-1
-1,310_5
457_1,-1
-1,457_1
468_5,-1
-1,468_5
427_2,-1
-1,427_2
576_3,-1
-1,576_3
544_1,-1
-1,544_1
256_3,-1
-1,256_3
10_4,-1
-1,10_4
489_4,-1
-1,489_4
344_3,-1
-1,344_3
162_0,-1
-1,162_0
360_0,-1
-1,360_0
438_4,-1
-1,438_4
245_3,-1
-1,245_3
64_3,-1
-1,64_3
339_1,-1
-1,339_1
548_4,-1
-1,548_4
91_0,-1
-1,91_0
465_2,-1
-1,465_2
509_1,-1
-1,509_1
486_2,-1
-1,486_2
98_3,-1
-1,98_3
418_1,-1
-1,418_1
399_2,-1
-1,399_2
169_1,-1
-1,169_1
578_2,-1
-1,578_2
25_2,-1
-1,25_2
122_5,-1
-1,122_5
271_3,-1
-1,271_3
513_0,-1
-1,513_0
27_4,-1
-1,27_4
185_5,-1
-1,185_5
375_0,-1
-1,375_0
306_1,-1
-1,306_1
362_2,-1
-1,362_2
253_4,-1
-1,253_4
363_1,-1
-1,363_1
211_4,-1
-1,211_4
44_5,-1
-1,44_5
56_3,-1
-1,56_3
32_5,-1
-1,32_5
114_3,-1
-1,114_3
148_0,-1
-1,148_0
506_1,-1
-1,506_1
30_3,-1
-1,30_3
152_0,-1
-1,152_0
234_2,-1
-1,234_2
556_5,-1
-1,556_5
304_1,-1
-1,304_1
92_4,-1
-1,92_4
488_3,-1
-1,488_3
561_5,-1
-1,561_5
338_0,-1
-1,338_0
557_3,-1
-1,557_3
491_3,-1
-1,491_3
122_2,-1
-1,122_2
262_3,-1
-1,262_3
350_0,-1
-1,350_0
59_5,-1
-1,59_5
207_0,-1
-1,207_0
35_5,-1
-1,35_5
287_1,-1
-1,287_1
204_1,-1
-1,204_1
496_1,-1
-1,496_1
109_1,-1
-1,109_1
237_2,-1
-1,237_2
404_2,-1
-1,404_2
559_4,-1
-1,559_4
569_2,-1
-1,569_2
512_5,-1
-1,512_5
102_0,-1
-1,102_0
233_1,-1
-1,233_1
376_5,-1
-1,376_5
528_0,-1
-1,528_0
309_0,-1
-1,309_0
380_2,-1
-1,380_2
314_2,-1
-1,314_2
244_2,-1
-1,244_2
134_4,-1
-1,134_4
36_3,-1
-1,36_3
478_0,-1
-1,478_0
410_5,-1
-1,410_5
237_1,-1
-1,237_1
432_3,-1
-1,432_3
170_3,-1
-1,170_3
454_4,-1
-1,454_4
74_2,-1
-1,74_2
432_5,-1
-1,432_5
350_5,-1
-1,350_5
344_5,-1
-1,344_5
417_5,-1
-1,417_5
509_2,-1
-1,509_2
26_1,-1
-1,26_1
317_3,-1
-1,317_3
151_5,-1
-1,151_5
405_4,-1
-1,405_4
146_1,-1
-1,146_1
48_4,-1
-1,48_4
404_4,-1
-1,404_4
311_5,-1
-1,311_5
223_3,-1
-1,223_3
60_5,-1
-1,60_5
510_1,-1
-1,510_1
378_3,-1
-1,378_3
229_4,-1
-1,229_4
128_1,-1
-1,128_1
206_2,-1
-1,206_2
41_1,-1
-1,41_1
28_2,-1
-1,28_2
534_1,-1
-1,534_1
425_5,-1
-1,425_5
5_1,-1
-1,5_1
495_3,-1
-1,495_3
167_2,-1
-1,167_2
316_1,-1
-1,316_1
564_1,-1
-1,564_1
505_3,-1
-1,505_3
312_5,-1
-1,312_5
552_0,-1
-1,552_0
10_1,-1
-1,10_1
325_5,-1
-1,325_5
579_2,-1
-1,579_2
390_1,-1
-1,390_1
142_2,-1
-1,142_2
200_0,-1
-1,200_0
425_2,-1
-1,425_2
330_0,-1
-1,330_0
57_3,-1
-1,57_3
76_5,-1
-1,76_5
273_5,-1
-1,273_5
91_5,-1
-1,91_5
139_1,-1
-1,139_1
194_0,-1
-1,194_0
303_1,-1
-1,303_1
70_0,-1
-1,70_0
66_5,-1
-1,66_5
358_2,-1
-1,358_2
483_0,-1
-1,483_0
230_4,-1
-1,230_4
96_4,-1
-1,96_4
535_5,-1
-1,535_5
340_3,-1
-1,340_3
144_4,-1
-1,144_4
305_4,-1
-1,305_4
571_5,-1
-1,571_5
402_1,-1
-1,402_1
74_5,-1
-1,74_5
491_2,-1
-1,491_2
517_3,-1
-1,517_3
440_2,-1
-1,440_2
155_3,-1
-1,155_3
464_2,-1
-1,464_2
452_4,-1
-1,452_4
132_2,-1
-1,132_2
324_5,-1
-1,324_5
275_3,-1
-1,275_3
460_2,-1
-1,460_2
311_4,-1
-1,311_4
482_4,-1
-1,482_4
145_1,-1
-1,145_1
484_4,-1
-1,484_4
361_0,-1
-1,361_0
253_5,-1
-1,253_5
423_5,-1
-1,423_5
437_2,-1
-1,437_2
409_2,-1
-1,409_2
235_1,-1
-1,235_1
556_0,-1
-1,556_0
108_1,-1
-1,108_1
424_5,-1
-1,424_5
62_4,-1
-1,62_4
39_2,-1
-1,39_2
379_1,-1
-1,379_1
231_4,-1
-1,231_4
7_3,-1
-1,7_3
424_0,-1
-1,424_0
195_0,-1
-1,195_0
109_0,-1
-1,109_0
186_3,-1
-1,186_3
521_4,-1
-1,521_4
288_3,-1
-1,288_3
311_3,-1
-1,311_3
259_2,-1
-1,259_2
263_3,-1
-1,263_3
77_3,-1
-1,77_3
464_1,-1
-1,464_1
320_3,-1
-1,320_3
86_0,-1
-1,86_0
462_3,-1
-1,462_3
82_4,-1
-1,82_4
200_3,-1
-1,200_3
66_3,-1
-1,66_3
582_2,-1
-1,582_2
277_0,-1
-1,277_0
126_4,-1
-1,126_4
80_4,-1
-1,80_4
588_4,-1
-1,588_4
487_4,-1
-1,487_4
395_2,-1
-1,395_2
52_3,-1
-1,52_3
490_1,-1
-1,490_1
150_0,-1
-1,150_0
52_1,-1
-1,52_1
482_3,-1
-1,482_3
198_0,-1
-1,198_0
502_2,-1
-1,502_2
332_1,-1
-1,332_1
239_4,-1
-1,239_4
327_4,-1
-1,327_4
228_4,-1
-1,228_4
230_2,-1
-1,230_2
577_1,-1
-1,577_1
375_4,-1
-1,375_4
271_5,-1
-1,271_5
229_1,-1
-1,229_1
547_5,-1
-1,547_5
151_0,-1
-1,151_0
59_1,-1
-1,59_1
150_1,-1
-1,150_1
58_5,-1
-1,58_5
276_1,-1
-1,276_1
446_0,-1
-1,446_0
417_3,-1
-1,417_3
482_2,-1
-1,482_2
169_5,-1
-1,169_5
538_5,-1
-1,538_5
58_4,-1
-1,58_4
302_5,-1
-1,302_5
539_3,-1
-1,539_3
258_2,-1
-1,258_2
588_2,-1
-1,588_2
556_3,-1
-1,556_3
328_2,-1
-1,328_2
139_5,-1
-1,139_5
130_3,-1
-1,130_3
586_2,-1
-1,586_2
511_2,-1
-1,511_2
54_0,-1
-1,54_0
293_2,-1
-1,293_2
493_3,-1
-1,493_3
360_3,-1
-1,360_3
89_1,-1
-1,89_1
171_4,-1
-1,171_4
27_5,-1
-1,27_5
225_0,-1
-1,225_0
174_1,-1
-1,174_1
596_5,-1
-1,596_5
533_4,-1
-1,533_4
520_1,-1
-1,520_1
40_5,-1
-1,40_5
208_5,-1
-1,208_5
495_2,-1
-1,495_2
46_0,-1
-1,46_0
422_0,-1
-1,422_0
574_5,-1
-1,574_5
536_4,-1
-1,536_4
99_1,-1
-1,99_1
309_4,-1
-1,309_4
278_2,-1
-1,278_2
37_3,-1
-1,37_3
580_4,-1
-1,580_4
51_2,-1
-1,51_2
27_3,-1
-1,27_3
490_3,-1
-1,490_3
220_4,-1
-1,220_4
99_3,-1
-1,99_3
334_4,-1
-1,334_4
576_1,-1
-1,576_1
328_3,-1
-1,328_3
423_0,-1
-1,423_0
119_3,-1
-1,119_3
326_4,-1
-1,326_4
186_0,-1
-1,186_0
49_4,-1
-1,49_4
52_0,-1
-1,52_0
537_1,-1
-1,537_1
313_2,-1
-1,313_2
189_1,-1
-1,189_1
386_5,-1
-1,386_5
90_5,-1
-1,90_5
33_2,-1
-1,33_2
563_5,-1
-1,563_5
100_4,-1
-1,100_4
320_2,-1
-1,320_2
308_4,-1
-1,308_4
259_5,-1
-1,259_5
560_4,-1
-1,560_4
54_3,-1
-1,54_3
123_5,-1
-1,123_5
243_5,-1
-1,243_5
448_5,-1
-1,448_5
397_5,-1
-1,397_5
158_3,-1
-1,158_3
553_4,-1
-1,553_4
524_3,-1
-1,524_3
512_4,-1
-1,512_4
297_5,-1
-1,297_5
62_5,-1
-1,62_5
598_1,-1
-1,598_1
351_2,-1
-1,351_2
372_2,-1
-1,372_2
422_1,-1
-1,422_1
92_5,-1
-1,92_5
44_4,-1
-1,44_4
161_3,-1
-1,161_3
314_4,-1
-1,314_4
224_3,-1
-1,224_3
412_3,-1
-1,412_3
410_3,-1
-1,410_3
483_3,-1
-1,483_3
369_4,-1
-1,369_4
436_2,-1
-1,436_2
112_4,-1
-1,112_4
166_5,-1
-1,166_5
239_2,-1
-1,239_2
561_1,-1
-1,561_1
269_3,-1
-1,269_3
232_4,-1
-1,232_4
339_3,-1
-1,339_3
502_4,-1
-1,502_4
21_1,-1
-1,21_1
48_1,-1
-1,48_1
387_4,-1
-1,387_4
501_3,-1
-1,501_3
444_5,-1
-1,444_5
315_1,-1
-1,315_1
240_2,-1
-1,240_2
168_1,-1
-1,168_1
496_5,-1
-1,496_5
156_3,-1
-1,156_3
221_4,-1
-1,221_4
103_5,-1
-1,103_5
307_3,-1
-1,307_3
178_5,-1
-1,178_5
556_4,-1
-1,556_4
49_3,-1
-1,49_3
457_5,-1
-1,457_5
138_2,-1
-1,138_2
51_4,-1
-1,51_4
350_1,-1
-1,350_1
6_3,-1
-1,6_3
384_2,-1
-1,384_2
345_4,-1
-1,345_4
126_5,-1
-1,126_5
399_5,-1
-1,399_5
227_4,-1
-1,227_4
10_2,-1
-1,10_2
292_5,-1
-1,292_5
147_3,-1
-1,147_3
427_5,-1
-1,427_5
47_4,-1
-1,47_4
38_1,-1
-1,38_1
378_1,-1
-1,378_1
396_0,-1
-1,396_0
397_4,-1
-1,397_4
515_0,-1
-1,515_0
318_0,-1
-1,318_0
487_1,-1
-1,487_1
462_5,-1
-1,462_5
134_5,-1
-1,134_5
545_4,-1
-1,545_4
477_4,-1
-1,477_4
444_3,-1
-1,444_3
316_2,-1
-1,316_2
472_4,-1
-1,472_4
257_3,-1
-1,257_3
440_1,-1
-1,440_1
189_5,-1
-1,189_5
286_4,-1
-1,286_4
12_0,-1
-1,12_0
176_0,-1
-1,176_0
36_5,-1
-1,36_5
408_1,-1
-1,408_1
568_5,-1
-1,568_5
377_2,-1
-1,377_2
485_2,-1
-1,485_2
438_2,-1
-1,438_2
562_5,-1
-1,562_5
16_5,-1
-1,16_5
452_3,-1
-1,452_3
29_4,-1
-1,29_4
348_3,-1
-1,348_3
240_4,-1
-1,240_4
599_3,-1
-1,599_3
555_5,-1
-1,555_5
219_4,-1
-1,219_4
17_4,-1
-1,17_4
525_3,-1
-1,525_3
424_4,-1
-1,424_4
317_0,-1
-1,317_0
348_5,-1
-1,348_5
219_1,-1
-1,219_1
7_0,-1
-1,7_0
43_1,-1
-1,43_1
55_4,-1
-1,55_4
303_3,-1
-1,303_3
146_5,-1
-1,146_5
193_4,-1
-1,193_4
221_2,-1
-1,221_2
539_1,-1
-1,539_1
96_1,-1
-1,96_1
140_3,-1
-1,140_3
75_0,-1
-1,75_0
96_0,-1
-1,96_0
106_4,-1
-1,106_4
377_1,-1
-1,377_1
383_0,-1
-1,383_0
407_0,-1
-1,407_0
298_4,-1
-1,298_4
343_0,-1
-1,343_0
511_3,-1
-1,511_3
389_1,-1
-1,389_1
222_1,-1
-1,222_1
147_0,-1
-1,147_0
159_5,-1
-1,159_5
549_2,-1
-1,549_2
6_5,-1
-1,6_5
154_1,-1
-1,154_1
532_5,-1
-1,532_5
366_1,-1
-1,366_1
212_1,-1
-1,212_1
354_4,-1
-1,354_4
306_2,-1
-1,306_2
171_2,-1
-1,171_2
100_0,-1
-1,100_0
543_3,-1
-1,543_3
20_5,-1
-1,20_5
66_2,-1
-1,66_2
127_0,-1
-1,127_0
98_0,-1
-1,98_0
263_0,-1
-1,263_0
276_0,-1
-1,276_0
371_2,-1
-1,371_2
143_5,-1
-1,143_5
267_1,-1
-1,267_1
55_0,-1
-1,55_0
528_2,-1
-1,528_2
577_0,-1
-1,577_0
83_0,-1
-1,83_0
525_2,-1
-1,525_2
51_5,-1
-1,51_5
497_2,-1
-1,497_2
490_4,-1
-1,490_4
285_3,-1
-1,285_3
266_2,-1
-1,266_2
70_4,-1
-1,70_4
100_1,-1
-1,100_1
218_1,-1
-1,218_1
315_4,-1
-1,315_4
241_2,-1
-1,241_2
94_5,-1
-1,94_5
379_5,-1
-1,379_5
201_4,-1
-1,201_4
372_3,-1
-1,372_3
268_2,-1
-1,268_2
539_4,-1
-1,539_4
476_3,-1
-1,476_3
576_0,-1
-1,576_0
386_3,-1
-1,386_3
596_1,-1
-1,596_1
1_0,-1
-1,1_0
327_5,-1
-1,327_5
160_4,-1
-1,160_4
76_3,-1
-1,76_3
585_2,-1
-1,585_2
597_4,-1
-1,597_4
303_2,-1
-1,303_2
517_2,-1
-1,517_2
251_0,-1
-1,251_0
259_0,-1
-1,259_0
278_1,-1
-1,278_1
530_3,-1
-1,530_3
56_4,-1
-1,56_4
555_3,-1
-1,555_3
164_1,-1
-1,164_1
446_3,-1
-1,446_3
409_5,-1
-1,409_5
82_1,-1
-1,82_1
25_5,-1
-1,25_5
381_3,-1
-1,381_3
34_2,-1
-1,34_2
577_3,-1
-1,577_3
112_5,-1
-1,112_5
254_5,-1
-1,254_5
80_5,-1
-1,80_5
102_4,-1
-1,102_4
85_5,-1
-1,85_5
310_0,-1
-1,310_0
566_4,-1
-1,566_4
533_3,-1
-1,533_3
248_5,-1
-1,248_5
475_0,-1
-1,475_0
332_4,-1
-1,332_4
11_1,-1
-1,11_1
577_4,-1
-1,577_4
119_4,-1
-1,119_4
349_5,-1
-1,349_5
306_0,-1
-1,306_0
227_2,-1
-1,227_2
242_4,-1
-1,242_4
3_2,-1
-1,3_2
233_0,-1
-1,233_0
226_0,-1
-1,226_0
594_4,-1
-1,594_4
255_2,-1
-1,255_2
131_1,-1
-1,131_1
31_5,-1
-1,31_5
389_3,-1
-1,389_3
329_0,-1
-1,329_0
305_1,-1
-1,305_1
215_2,-1
-1,215_2
169_3,-1
-1,169_3
435_5,-1
-1,435_5
359_1,-1
-1,359_1
84_2,-1
-1,84_2
407_4,-1
-1,407_4
515_5,-1
-1,515_5
437_3,-1
-1,437_3
540_1,-1
-1,540_1
238_1,-1
-1,238_1
575_2,-1
-1,575_2
340_2,-1
-1,340_2
526_1,-1
-1,526_1
333_0,-1
-1,333_0
563_1,-1
-1,563_1
392_2,-1
-1,392_2
251_3,-1
-1,251_3
413_3,-1
-1,413_3
492_5,-1
-1,492_5
517_0,-1
-1,517_0
143_3,-1
-1,143_3
315_5,-1
-1,315_5
432_1,-1
-1,432_1
199_4,-1
-1,199_4
443_5,-1
-1,443_5
154_5,-1
-1,154_5
568_0,-1
-1,568_0
133_2,-1
-1,133_2
371_4,-1
-1,371_4
270_5,-1
-1,270_5
410_1,-1
-1,410_1
207_1,-1
-1,207_1
102_5,-1
-1,102_5
545_3,-1
-1,545_3
240_5,-1
-1,240_5
81_4,-1
-1,81_4
540_2,-1
-1,540_2
461_1,-1
-1,461_1
96_2,-1
-1,96_2
587_5,-1
-1,587_5
171_1,-1
-1,171_1
448_3,-1
-1,448_3
493_5,-1
-1,493_5
229_0,-1
-1,229_0
509_0,-1
-1,509_0
173_1,-1
-1,173_1
231_5,-1
-1,231_5
451_3,-1
-1,451_3
538_3,-1
-1,538_3
448_4,-1
-1,448_4
516_0,-1
-1,516_0
592_2,-1
-1,592_2
225_2,-1
-1,225_2
558_1,-1
-1,558_1
554_4,-1
-1,554_4
259_3,-1
-1,259_3
170_5,-1
-1,170_5
418_5,-1
-1,418_5
539_5,-1
-1,539_5
379_4,-1
-1,379_4
598_3,-1
-1,598_3
333_3,-1
-1,333_3
489_1,-1
-1,489_1
263_5,-1
-1,263_5
429_4,-1
-1,429_4
250_3,-1
-1,250_3
549_4,-1
-1,549_4
65_3,-1
-1,65_3
228_2,-1
-1,228_2
215_4,-1
-1,215_4
506_5,-1
-1,506_5
192_4,-1
-1,192_4
50_0,-1
-1,50_0
482_5,-1
-1,482_5
399_3,-1
-1,399_3
190_2,-1
-1,190_2
0_1,-1
-1,0_1
298_3,-1
-1,298_3
578_0,-1
-1,578_0
225_1,-1
-1,225_1
409_1,-1
-1,409_1
213_3,-1
-1,213_3
415_4,-1
-1,415_4
360_4,-1
-1,360_4
483_2,-1
-1,483_2
541_5,-1
-1,541_5
545_0,-1
-1,545_0
337_5,-1
-1,337_5
123_2,-1
-1,123_2
194_3,-1
-1,194_3
34_5,-1
-1,34_5
560_3,-1
-1,560_3
202_4,-1
-1,202_4
23_3,-1
-1,23_3
346_4,-1
-1,346_4
32_0,-1
-1,32_0
374_5,-1
-1,374_5
55_5,-1
-1,55_5
148_3,-1
-1,148_3
313_1,-1
-1,313_1
459_0,-1
-1,459_0
511_4,-1
-1,511_4
296_3,-1
-1,296_3
597_5,-1
-1,597_5
321_2,-1
-1,321_2
7_2,-1
-1,7_2
33_0,-1
-1,33_0
192_0,-1
-1,192_0
324_3,-1
-1,324_3
195_1,-1
-1,195_1
446_4,-1
-1,446_4
160_3,-1
-1,160_3
228_0,-1
-1,228_0
590_3,-1
-1,590_3
54_1,-1
-1,54_1
208_4,-1
-1,208_4
363_2,-1
-1,363_2
77_1,-1
-1,77_1
151_3,-1
-1,151_3
8_4,-1
-1,8_4
100_5,-1
-1,100_5
593_5,-1
-1,593_5
401_4,-1
-1,401_4
15_5,-1
-1,15_5
63_0,-1
-1,63_0
499_3,-1
-1,499_3
117_2,-1
-1,117_2
303_4,-1
-1,303_4
118_4,-1
-1,118_4
550_5,-1
-1,550_5
568_4,-1
-1,568_4
331_0,-1
-1,331_0
152_4,-1
-1,152_4
218_3,-1
-1,218_3
462_2,-1
-1,462_2
134_1,-1
-1,134_1
534_5,-1
-1,534_5
536_5,-1
-1,536_5
365_5,-1
-1,365_5
47_3,-1
-1,47_3
252_4,-1
-1,252_4
25_3,-1
-1,25_3
294_0,-1
-1,294_0
471_3,-1
-1,471_3
92_0,-1
-1,92_0
179_0,-1
-1,179_0
522_4,-1
-1,522_4
189_0,-1
-1,189_0
562_2,-1
-1,562_2
13_4,-1
-1,13_4
68_0,-1
-1,68_0
203_2,-1
-1,203_2
165_1,-1
-1,165_1
554_1,-1
-1,554_1
161_4,-1
-1,161_4
56_0,-1
-1,56_0
155_4,-1
-1,155_4
298_0,-1
-1,298_0
349_2,-1
-1,349_2
580_5,-1
-1,580_5
559_3,-1
-1,559_3
522_0,-1
-1,522_0
278_3,-1
-1,278_3
598_4,-1
-1,598_4
209_1,-1
-1,209_1
249_3,-1
-1,249_3
411_4,-1
-1,411_4
133_4,-1
-1,133_4
106_1,-1
-1,106_1
503_4,-1
-1,503_4
18_4,-1
-1,18_4
167_5,-1
-1,167_5
123_3,-1
-1,123_3
515_1,-1
-1,515_1
512_3,-1
-1,512_3
208_3,-1
-1,208_3
599_2,-1
-1,599_2
513_5,-1
-1,513_5
293_3,-1
-1,293_3
216_2,-1
-1,216_2
496_2,-1
-1,496_2
77_0,-1
-1,77_0
560_1,-1
-1,560_1
71_1,-1
-1,71_1
318_4,-1
-1,318_4
288_2,-1
-1,288_2
30_2,-1
-1,30_2
217_0,-1
-1,217_0
257_1,-1
-1,257_1
472_1,-1
-1,472_1
494_4,-1
-1,494_4
162_3,-1
-1,162_3
493_1,-1
-1,493_1
206_4,-1
-1,206_4
178_4,-1
-1,178_4
57_1,-1
-1,57_1
147_2,-1
-1,147_2
43_3,-1
-1,43_3
123_4,-1
-1,123_4
293_4,-1
-1,293_4
419_1,-1
-1,419_1
5_2,-1
-1,5_2
454_2,-1
-1,454_2
232_2,-1
-1,232_2
366_5,-1
-1,366_5
236_2,-1
-1,236_2
533_5,-1
-1,533_5
114_1,-1
-1,114_1
337_0,-1
-1,337_0
534_4,-1
-1,534_4
261_3,-1
-1,261_3
191_2,-1
-1,191_2
37_1,-1
-1,37_1
7_4,-1
-1,7_4
19_3,-1
-1,19_3
100_3,-1
-1,100_3
132_0,-1
-1,132_0
323_2,-1
-1,323_2
7_5,-1
-1,7_5
189_4,-1
-1,189_4
13_2,-1
-1,13_2
250_0,-1
-1,250_0
127_1,-1
-1,127_1
168_0,-1
-1,168_0
294_4,-1
-1,294_4
461_4,-1
-1,461_4
550_4,-1
-1,550_4
394_1,-1
-1,394_1
261_2,-1
-1,261_2
396_5,-1
-1,396_5
191_3,-1
-1,191_3
494_2,-1
-1,494_2
83_3,-1
-1,83_3
532_0,-1
-1,532_0
59_4,-1
-1,59_4
493_4,-1
-1,493_4
246_5,-1
-1,246_5
504_5,-1
-1,504_5
226_5,-1
-1,226_5
256_0,-1
-1,256_0
18_0,-1
-1,18_0
532_4,-1
-1,532_4
488_2,-1
-1,488_2
20_1,-1
-1,20_1
292_3,-1
-1,292_3
265_5,-1
-1,265_5
173_0,-1
-1,173_0
506_4,-1
-1,506_4
247_3,-1
-1,247_3
166_3,-1
-1,166_3
205_2,-1
-1,205_2
303_0,-1
-1,303_0
478_1,-1
-1,478_1
95_5,-1
-1,95_5
245_2,-1
-1,245_2
362_1,-1
-1,362_1
325_1,-1
-1,325_1
223_0,-1
-1,223_0
270_2,-1
-1,270_2
422_4,-1
-1,422_4
555_4,-1
-1,555_4
342_2,-1
-1,342_2
590_2,-1
-1,590_2
573_3,-1
-1,573_3
310_4,-1
-1,310_4
478_2,-1
-1,478_2
60_4,-1
-1,60_4
126_2,-1
-1,126_2
563_4,-1
-1,563_4
238_4,-1
-1,238_4
168_2,-1
-1,168_2
154_2,-1
-1,154_2
514_1,-1
-1,514_1
442_3,-1
-1,442_3
414_5,-1
-1,414_5
478_3,-1
-1,478_3
532_3,-1
-1,532_3
277_1,-1
-1,277_1
28_5,-1
-1,28_5
266_3,-1
-1,266_3
140_2,-1
-1,140_2
597_1,-1
-1,597_1
104_2,-1
-1,104_2
421_5,-1
-1,421_5
225_4,-1
-1,225_4
481_4,-1
-1,481_4
289_2,-1
-1,289_2
196_5,-1
-1,196_5
263_4,-1
-1,263_4
148_5,-1
-1,148_5
166_0,-1
-1,166_0
250_1,-1
-1,250_1
77_2,-1
-1,77_2
148_1,-1
-1,148_1
520_5,-1
-1,520_5
163_5,-1
-1,163_5
216_1,-1
-1,216_1
24_4,-1
-1,24_4
239_0,-1
-1,239_0
25_1,-1
-1,25_1
562_4,-1
-1,562_4
373_5,-1
-1,373_5
120_3,-1
-1,120_3
48_2,-1
-1,48_2
158_0,-1
-1,158_0
202_3,-1
-1,202_3
24_5,-1
-1,24_5
188_4,-1
-1,188_4
88_1,-1
-1,88_1
355_5,-1
-1,355_5
582_0,-1
-1,582_0
468_2,-1
-1,468_2
450_3,-1
-1,450_3
397_3,-1
-1,397_3
419_3,-1
-1,419_3
276_4,-1
-1,276_4
97_4,-1
-1,97_4
74_3,-1
-1,74_3
394_5,-1
-1,394_5
550_2,-1
-1,550_2
547_0,-1
-1,547_0
388_5,-1
-1,388_5
285_5,-1
-1,285_5
368_4,-1
-1,368_4
468_4,-1
-1,468_4
587_4,-1
-1,587_4
182_4,-1
-1,182_4
105_5,-1
-1,105_5
221_1,-1
-1,221_1
441_5,-1
-1,441_5
447_2,-1
-1,447_2
43_2,-1
-1,43_2
224_0,-1
-1,224_0
461_5,-1
-1,461_5
488_5,-1
-1,488_5
236_5,-1
-1,236_5
230_5,-1
-1,230_5
544_0,-1
-1,544_0
238_5,-1
-1,238_5
6_0,-1
-1,6_0
478_5,-1
-1,478_5
589_1,-1
-1,589_1
356_1,-1
-1,356_1
93_5,-1
-1,93_5
335_5,-1
-1,335_5
313_0,-1
-1,313_0
295_3,-1
-1,295_3
200_1,-1
-1,200_1
220_0,-1
-1,220_0
451_4,-1
-1,451_4
277_3,-1
-1,277_3
267_3,-1
-1,267_3
286_2,-1
-1,286_2
169_0,-1
-1,169_0
192_3,-1
-1,192_3
164_2,-1
-1,164_2
325_0,-1
-1,325_0
107_1,-1
-1,107_1
527_0,-1
-1,527_0
48_0,-1
-1,48_0
588_5,-1
-1,588_5
138_4,-1
-1,138_4
300_2,-1
-1,300_2
157_1,-1
-1,157_1
437_0,-1
-1,437_0
590_4,-1
-1,590_4
401_2,-1
-1,401_2
580_0,-1
-1,580_0
26_0,-1
-1,26_0
323_5,-1
-1,323_5
291_3,-1
-1,291_3
265_3,-1
-1,265_3
176_4,-1
-1,176_4
321_4,-1
-1,321_4
352_5,-1
-1,352_5
228_5,-1
-1,228_5
167_1,-1
-1,167_1
261_5,-1
-1,261_5
124_3,-1
-1,124_3
457_4,-1
-1,457_4
29_2,-1
-1,29_2
367_3,-1
-1,367_3
274_3,-1
-1,274_3
144_0,-1
-1,144_0
149_3,-1
-1,149_3
113_5,-1
-1,113_5
273_3,-1
-1,273_3
184_4,-1
-1,184_4
593_1,-1
-1,593_1
466_2,-1
-1,466_2
2_3,-1
-1,2_3
131_3,-1
-1,131_3
375_2,-1
-1,375_2
184_1,-1
-1,184_1
476_4,-1
-1,476_4
443_2,-1
-1,443_2
10_5,-1
-1,10_5
157_5,-1
-1,157_5
107_5,-1
-1,107_5
569_4,-1
-1,569_4
506_3,-1
-1,506_3
112_1,-1
-1,112_1
180_2,-1
-1,180_2
487_2,-1
-1,487_2
247_1,-1
-1,247_1
537_2,-1
-1,537_2
340_4,-1
-1,340_4
99_2,-1
-1,99_2
186_4,-1
-1,186_4
372_4,-1
-1,372_4
590_1,-1
-1,590_1
441_2,-1
-1,441_2
586_4,-1
-1,586_4
467_3,-1
-1,467_3
460_0,-1
-1,460_0
587_0,-1
-1,587_0
271_1,-1
-1,271_1
67_4,-1
-1,67_4
46_2,-1
-1,46_2
219_5,-1
-1,219_5
593_0,-1
-1,593_0
258_3,-1
-1,258_3
407_5,-1
-1,407_5
114_2,-1
-1,114_2
395_3,-1
-1,395_3
117_5,-1
-1,117_5
144_5,-1
-1,144_5
60_2,-1
-1,60_2
65_5,-1
-1,65_5
62_0,-1
-1,62_0
58_1,-1
-1,58_1
438_5,-1
-1,438_5
476_2,-1
-1,476_2
72_5,-1
-1,72_5
454_5,-1
-1,454_5
516_2,-1
-1,516_2
211_5,-1
-1,211_5
518_4,-1
-1,518_4
558_2,-1
-1,558_2
20_2,-1
-1,20_2
23_0,-1
-1,23_0
351_3,-1
-1,351_3
477_5,-1
-1,477_5
586_3,-1
-1,586_3
14_4,-1
-1,14_4
314_3,-1
-1,314_3
246_3,-1
-1,246_3
26_5,-1
-1,26_5
105_3,-1
-1,105_3
471_0,-1
-1,471_0
223_2,-1
-1,223_2
394_4,-1
-1,394_4
367_0,-1
-1,367_0
335_3,-1
-1,335_3
22_1,-1
-1,22_1
270_4,-1
-1,270_4
352_4,-1
-1,352_4
434_4,-1
-1,434_4
485_5,-1
-1,485_5
74_1,-1
-1,74_1
311_0,-1
-1,311_0
124_4,-1
-1,124_4
460_4,-1
-1,460_4
82_5,-1
-1,82_5
107_0,-1
-1,107_0
25_4,-1
-1,25_4
258_1,-1
-1,258_1
61_5,-1
-1,61_5
89_0,-1
-1,89_0
591_5,-1
-1,591_5
407_3,-1
-1,407_3
61_1,-1
-1,61_1
413_4,-1
-1,413_4
429_3,-1
-1,429_3
539_2,-1
-1,539_2
187_3,-1
-1,187_3
54_5,-1
-1,54_5
193_1,-1
-1,193_1
234_5,-1
-1,234_5
10_3,-1
-1,10_3
514_3,-1
-1,514_3
283_3,-1
-1,283_3
413_0,-1
-1,413_0
580_1,-1
-1,580_1
23_4,-1
-1,23_4
225_5,-1
-1,225_5
247_5,-1
-1,247_5
314_5,-1
-1,314_5
142_4,-1
-1,142_4
361_4,-1
-1,361_4
406_3,-1
-1,406_3
105_4,-1
-1,105_4
463_5,-1
-1,463_5
592_4,-1
-1,592_4
136_2,-1
-1,136_2
257_5,-1
-1,257_5
172_0,-1
-1,172_0
45_4,-1
-1,45_4
103_0,-1
-1,103_0
79_3,-1
-1,79_3
237_3,-1
-1,237_3
114_0,-1
-1,114_0
523_5,-1
-1,523_5
531_2,-1
-1,531_2
40_0,-1
-1,40_0
165_4,-1
-1,165_4
352_3,-1
-1,352_3
8_0,-1
-1,8_0
575_4,-1
-1,575_4
547_3,-1
-1,547_3
595_3,-1
-1,595_3
49_0,-1
-1,49_0
238_2,-1
-1,238_2
1_5,-1
-1,1_5
372_1,-1
-1,372_1
82_3,-1
-1,82_3
0_4,-1
-1,0_4
71_0,-1
-1,71_0
573_2,-1
-1,573_2
53_4,-1
-1,53_4
560_2,-1
-1,560_2
582_4,-1
-1,582_4
211_3,-1
-1,211_3
37_0,-1
-1,37_0
55_3,-1
-1,55_3
158_2,-1
-1,158_2
166_4,-1
-1,166_4
268_3,-1
-1,268_3
449_1,-1
-1,449_1
174_0,-1
-1,174_0
396_1,-1
-1,396_1
34_1,-1
-1,34_1
256_4,-1
-1,256_4
269_1,-1
-1,269_1
52_2,-1
-1,52_2
134_2,-1
-1,134_2
94_4,-1
-1,94_4
583_5,-1
-1,583_5
381_1,-1
-1,381_1
86_3,-1
-1,86_3
59_2,-1
-1,59_2
442_0,-1
-1,442_0
533_2,-1
-1,533_2
553_3,-1
-1,553_3
535_3,-1
-1,535_3
166_2,-1
-1,166_2
403_0,-1
-1,403_0
511_5,-1
-1,511_5
331_5,-1
-1,331_5
508_3,-1
-1,508_3
8_2,-1
-1,8_2
185_4,-1
-1,185_4
59_0,-1
-1,59_0
470_3,-1
-1,470_3
290_3,-1
-1,290_3
408_2,-1
-1,408_2
5_0,-1
-1,5_0
385_0,-1
-1,385_0
75_3,-1
-1,75_3
370_5,-1
-1,370_5
213_5,-1
-1,213_5
182_2,-1
-1,182_2
417_0,-1
-1,417_0
386_2,-1
-1,386_2
282_2,-1
-1,282_2
80_3,-1
-1,80_3
357_3,-1
-1,357_3
571_4,-1
-1,571_4
486_4,-1
-1,486_4
400_1,-1
-1,400_1
530_2,-1
-1,530_2
387_2,-1
-1,387_2
371_3,-1
-1,371_3
251_4,-1
-1,251_4
513_4,-1
-1,513_4
354_0,-1
-1,354_0
578_1,-1
-1,578_1
534_2,-1
-1,534_2
60_3,-1
-1,60_3
530_5,-1
-1,530_5
301_1,-1
-1,301_1
494_0,-1
-1,494_0
178_2,-1
-1,178_2
587_1,-1
-1,587_1
28_4,-1
-1,28_4
589_5,-1
-1,589_5
474_5,-1
-1,474_5
56_1,-1
-1,56_1
384_5,-1
-1,384_5
220_1,-1
-1,220_1
31_2,-1
-1,31_2
510_5,-1
-1,510_5
558_3,-1
-1,558_3
216_4,-1
-1,216_4
148_4,-1
-1,148_4
364_5,-1
-1,364_5
199_1,-1
-1,199_1
309_1,-1
-1,309_1
310_2,-1
-1,310_2
452_1,-1
-1,452_1
101_4,-1
-1,101_4
299_3,-1
-1,299_3
266_4,-1
-1,266_4
585_3,-1
-1,585_3
552_2,-1
-1,552_2
208_2,-1
-1,208_2
55_2,-1
-1,55_2
69_3,-1
-1,69_3
290_1,-1
-1,290_1
239_1,-1
-1,239_1
123_1,-1
-1,123_1
176_5,-1
-1,176_5
76_0,-1
-1,76_0
391_5,-1
-1,391_5
119_1,-1
-1,119_1
155_2,-1
-1,155_2
240_0,-1
-1,240_0
370_1,-1
-1,370_1
36_2,-1
-1,36_2
541_2,-1
-1,541_2
491_4,-1
-1,491_4
116_4,-1
-1,116_4
243_0,-1
-1,243_0
191_0,-1
-1,191_0
194_4,-1
-1,194_4
29_1,-1
-1,29_1
120_4,-1
-1,120_4
210_2,-1
-1,210_2
235_4,-1
-1,235_4
34_3,-1
-1,34_3
120_0,-1
-1,120_0
334_5,-1
-1,334_5
214_5,-1
-1,214_5
58_3,-1
-1,58_3
104_3,-1
-1,104_3
228_3,-1
-1,228_3
417_2,-1
-1,417_2
284_2,-1
-1,284_2
253_3,-1
-1,253_3
214_3,-1
-1,214_3
546_4,-1
-1,546_4
415_2,-1
-1,415_2
33_4,-1
-1,33_4
346_5,-1
-1,346_5
351_1,-1
-1,351_1
38_5,-1
-1,38_5
109_3,-1
-1,109_3
230_0,-1
-1,230_0
466_3,-1
-1,466_3
390_4,-1
-1,390_4
89_2,-1
-1,89_2
542_4,-1
-1,542_4
202_2,-1
-1,202_2
176_1,-1
-1,176_1
390_2,-1
-1,390_2
415_0,-1
-1,415_0
